payment_id,amount,currency,payment_method,status,failure_category,error_code,error_description,timestamp,hour,day_of_week,customer_previous_success,customer_previous_failures,retry_count,transaction_frequency,average_customer_transaction,recoverable
pay_10000,1323.17,INR,Wallet,FAILED,AUTHENTICATION_FAILURE,E_3DS_FAILED,Transaction failed due to code E_3DS_FAILED,2026-08-31 23:02:57,23,Monday,18,2,1,21,1301.6,1
pay_10001,1165.07,INR,UPI,SUCCESS,SUCCESS,NONE,Transaction successful,2026-08-29 10:28:09,10,Saturday,1,3,0,5,1369.45,0
pay_10002,151.95,INR,Wallet,SUCCESS,SUCCESS,NONE,Transaction successful,2026-08-19 07:16:39,7,Wednesday,11,0,0,12,139.26,0
pay_10003,2515.93,INR,UPI,FAILED,CARD_ISSUE,E_CARD_EXPIRED,Transaction failed due to code E_CARD_EXPIRED,2026-08-12 06:24:18,6,Wednesday,14,2,1,17,2397.64,0
pay_10004,10370.54,INR,Credit Card,SUCCESS,SUCCESS,NONE,Transaction successful,2026-09-01 19:03:55,19,Tuesday,8,1,0,10,12232.61,0
pay_10005,8576.58,INR,Debit Card,SUCCESS,SUCCESS,NONE,Transaction successful,2026-08-21 15:38:56,15,Friday,19,3,0,23,8371.27,0
pay_10006,475.38,INR,Credit Card,SUCCESS,SUCCESS,NONE,Transaction successful,2026-08-15 01:39:49,1,Saturday,16,3,0,20,414.96,0
pay_10007,3669.93,INR,UPI,SUCCESS,SUCCESS,NONE,Transaction successful,2026-08-20 11:19:22,11,Thursday,17,1,0,19,3596.17,0
pay_10008,1406.94,INR,Net Banking,SUCCESS,SUCCESS,NONE,Transaction successful,2026-08-23 00:37:25,0,Sunday,7,4,0,12,1344.29,0
pay_10009,941.4,INR,Debit Card,FAILED,AUTHENTICATION_FAILURE,E_3DS_FAILED,Transaction failed due to code E_3DS_FAILED,2026-08-19 23:59:12,23,Wednesday,8,4,0,13,1055.2,1
pay_10010,343.69,INR,Wallet,SUCCESS,SUCCESS,NONE,Transaction successful,2026-08-22 02:23:51,2,Saturday,10,2,0,13,372.13,0
pay_10011,3414.16,INR,Debit Card,SUCCESS,SUCCESS,NONE,Transaction successful,2026-08-30 12:27:12,12,Sunday,8,3,0,12,3910.04,0
pay_10012,2590.75,INR,UPI,SUCCESS,SUCCESS,NONE,Transaction successful,2026-08-08 18:05:26,18,Saturday,4,2,0,7,2685.36,0
pay_10013,953.0,INR,Credit Card,SUCCESS,SUCCESS,NONE,Transaction successful,2026-08-10 08:58:01,8,Monday,13,2,0,16,1052.41,0
pay_10014,2209.72,INR,Debit Card,SUCCESS,SUCCESS,NONE,Transaction successful,2026-08-24 07:12:17,7,Monday,14,1,0,16,1790.24,0
pay_10015,435.42,INR,UPI,FAILED,CARD_ISSUE,E_CARD_EXPIRED,Transaction failed due to code E_CARD_EXPIRED,2026-08-14 19:23:38,19,Friday,14,2,0,17,383.7,0
pay_10016,7305.35,INR,Credit Card,SUCCESS,SUCCESS,NONE,Transaction successful,2026-08-27 00:11:21,0,Thursday,1,1,0,3,8205.72,0
pay_10017,2658.74,INR,Net Banking,SUCCESS,SUCCESS,NONE,Transaction successful,2026-08-07 00:08:02,0,Friday,10,1,0,12,2256.83,0
pay_10018,1251.3,INR,Net Banking,SUCCESS,SUCCESS,NONE,Transaction successful,2026-08-24 09:04:47,9,Monday,19,4,0,24,1431.85,0
pay_10019,167.44,INR,Credit Card,SUCCESS,SUCCESS,NONE,Transaction successful,2026-08-25 12:10:39,12,Tuesday,0,2,0,3,152.0,0
pay_10020,849.7,INR,UPI,SUCCESS,SUCCESS,NONE,Transaction successful,2026-08-05 09:28:54,9,Wednesday,8,3,0,12,803.35,0
pay_10021,9069.5,INR,Wallet,SUCCESS,SUCCESS,NONE,Transaction successful,2026-08-05 10:39:25,10,Wednesday,16,4,0,21,8288.94,0
pay_10022,243.96,INR,Credit Card,SUCCESS,SUCCESS,NONE,Transaction successful,2026-08-20 21:37:31,21,Thursday,0,2,0,3,261.59,0
pay_10023,2042.53,INR,UPI,SUCCESS,SUCCESS,NONE,Transaction successful,2026-08-12 13:51:56,13,Wednesday,3,2,0,6,1936.04,0
pay_10024,843.21,INR,Debit Card,SUCCESS,SUCCESS,NONE,Transaction successful,2026-09-02 05:24:11,5,Wednesday,5,2,0,8,949.94,0
pay_10025,4152.99,INR,UPI,SUCCESS,SUCCESS,NONE,Transaction successful,2026-08-23 21:21:53,21,Sunday,2,3,0,6,3863.87,0
pay_10026,771.93,INR,Debit Card,SUCCESS,SUCCESS,NONE,Transaction successful,2026-08-06 08:05:30,8,Thursday,19,0,0,20,830.89,0
pay_10027,1372.4,INR,Net Banking,FAILED,INSUFFICIENT_FUNDS,E_INSUFFICIENT_FUNDS,Transaction failed due to code E_INSUFFICIENT_FUNDS,2026-08-16 22:02:58,22,Sunday,9,2,2,12,1223.38,1
pay_10028,630.79,INR,Wallet,SUCCESS,SUCCESS,NONE,Transaction successful,2026-08-06 09:28:10,9,Thursday,1,0,0,2,528.12,0
pay_10029,5837.81,INR,Net Banking,SUCCESS,SUCCESS,NONE,Transaction successful,2026-08-19 01:15:29,1,Wednesday,8,2,0,11,6305.67,0
pay_10030,4837.76,INR,Net Banking,FAILED,AUTHENTICATION_FAILURE,E_3DS_FAILED,Transaction failed due to code E_3DS_FAILED,2026-08-15 04:32:44,4,Saturday,16,3,2,20,5609.0,1
pay_10031,2481.23,INR,UPI,FAILED,CARD_ISSUE,E_CARD_EXPIRED,Transaction failed due to code E_CARD_EXPIRED,2026-08-25 08:36:41,8,Tuesday,17,1,1,19,2671.68,0
pay_10032,2788.6,INR,UPI,SUCCESS,SUCCESS,NONE,Transaction successful,2026-08-17 20:51:35,20,Monday,13,4,0,18,2430.35,0
pay_10033,1291.12,INR,Debit Card,SUCCESS,SUCCESS,NONE,Transaction successful,2026-08-16 11:01:13,11,Sunday,0,3,0,4,1295.67,0
pay_10034,2678.79,INR,UPI,FAILED,BANK_DECLINE,E_ISSUER_DECLINE,Transaction failed due to code E_ISSUER_DECLINE,2026-08-06 00:50:28,0,Thursday,7,2,1,10,2608.49,0
pay_10035,1227.26,INR,Credit Card,FAILED,CARD_ISSUE,E_CARD_EXPIRED,Transaction failed due to code E_CARD_EXPIRED,2026-08-21 02:27:02,2,Friday,18,3,3,22,993.74,0
pay_10036,2742.42,INR,UPI,SUCCESS,SUCCESS,NONE,Transaction successful,2026-08-06 02:59:30,2,Thursday,13,4,0,18,3163.1,0
pay_10037,3593.03,INR,Wallet,SUCCESS,SUCCESS,NONE,Transaction successful,2026-08-27 01:06:47,1,Thursday,2,3,0,6,4100.38,0
pay_10038,1021.94,INR,UPI,SUCCESS,SUCCESS,NONE,Transaction successful,2026-09-01 01:34:05,1,Tuesday,2,1,0,4,1045.16,0
pay_10039,7028.23,INR,Credit Card,SUCCESS,SUCCESS,NONE,Transaction successful,2026-08-09 20:09:08,20,Sunday,14,1,0,16,6337.11,0
pay_10040,1024.92,INR,UPI,SUCCESS,SUCCESS,NONE,Transaction successful,2026-08-06 12:37:50,12,Thursday,10,4,0,15,941.5,0
pay_10041,1510.87,INR,UPI,FAILED,BANK_DECLINE,E_ISSUER_DECLINE,Transaction failed due to code E_ISSUER_DECLINE,2026-08-13 21:55:26,21,Thursday,3,4,0,8,1326.11,0
pay_10042,333.96,INR,UPI,FAILED,INSUFFICIENT_FUNDS,E_INSUFFICIENT_FUNDS,Transaction failed due to code E_INSUFFICIENT_FUNDS,2026-08-22 10:18:42,10,Saturday,1,2,1,4,329.36,1
pay_10043,2105.74,INR,UPI,FAILED,CARD_ISSUE,E_CARD_EXPIRED,Transaction failed due to code E_CARD_EXPIRED,2026-08-05 07:57:36,7,Wednesday,5,2,1,8,1791.61,0
pay_10044,1996.63,INR,Debit Card,FAILED,BANK_DECLINE,E_ISSUER_DECLINE,Transaction failed due to code E_ISSUER_DECLINE,2026-08-04 17:21:38,17,Tuesday,12,3,1,16,1925.83,0
pay_10045,3155.87,INR,UPI,FAILED,NETWORK_OR_TIMEOUT,E_GATEWAY_TIMEOUT,Transaction failed due to code E_GATEWAY_TIMEOUT,2026-08-17 22:01:39,22,Monday,16,2,2,19,3078.83,1
pay_10046,354.26,INR,UPI,SUCCESS,SUCCESS,NONE,Transaction successful,2026-08-06 19:21:49,19,Thursday,11,4,0,16,291.65,0
pay_10047,6319.05,INR,UPI,SUCCESS,SUCCESS,NONE,Transaction successful,2026-08-31 00:17:26,0,Monday,15,0,0,16,6723.97,0
pay_10048,971.03,INR,Wallet,SUCCESS,SUCCESS,NONE,Transaction successful,2026-09-03 03:03:57,3,Thursday,4,4,0,9,939.8,0
pay_10049,861.65,INR,UPI,SUCCESS,SUCCESS,NONE,Transaction successful,2026-08-06 08:36:43,8,Thursday,13,3,0,17,705.18,0
pay_10050,253.95,INR,Net Banking,SUCCESS,SUCCESS,NONE,Transaction successful,2026-08-31 04:14:34,4,Monday,15,1,0,17,280.7,0
pay_10051,4261.54,INR,UPI,SUCCESS,SUCCESS,NONE,Transaction successful,2026-08-17 12:12:04,12,Monday,9,4,0,14,4920.68,0
pay_10052,905.78,INR,UPI,SUCCESS,SUCCESS,NONE,Transaction successful,2026-08-14 22:57:52,22,Friday,4,4,0,9,783.66,0
pay_10053,332.96,INR,Credit Card,FAILED,AUTHENTICATION_FAILURE,E_3DS_FAILED,Transaction failed due to code E_3DS_FAILED,2026-08-11 20:27:19,20,Tuesday,11,1,3,13,342.73,1
pay_10054,493.85,INR,Debit Card,FAILED,BANK_DECLINE,E_ISSUER_DECLINE,Transaction failed due to code E_ISSUER_DECLINE,2026-08-20 22:36:17,22,Thursday,7,1,0,9,435.91,0
pay_10055,950.38,INR,UPI,SUCCESS,SUCCESS,NONE,Transaction successful,2026-08-19 21:32:20,21,Wednesday,18,1,0,20,1019.95,0
pay_10056,334.62,INR,UPI,SUCCESS,SUCCESS,NONE,Transaction successful,2026-08-12 01:58:40,1,Wednesday,1,2,0,4,305.42,0
pay_10057,464.38,INR,Credit Card,FAILED,INSUFFICIENT_FUNDS,E_INSUFFICIENT_FUNDS,Transaction failed due to code E_INSUFFICIENT_FUNDS,2026-08-06 12:10:11,12,Thursday,3,1,0,5,450.16,1
pay_10058,2251.34,INR,Credit Card,SUCCESS,SUCCESS,NONE,Transaction successful,2026-08-14 18:02:01,18,Friday,17,0,0,18,2500.26,0
pay_10059,1191.83,INR,Net Banking,SUCCESS,SUCCESS,NONE,Transaction successful,2026-08-05 09:35:23,9,Wednesday,12,0,0,13,1067.04,0
pay_10060,1335.95,INR,Credit Card,FAILED,CARD_ISSUE,E_CARD_EXPIRED,Transaction failed due to code E_CARD_EXPIRED,2026-08-27 22:11:22,22,Thursday,18,0,2,19,1097.34,0
pay_10061,8107.66,INR,Debit Card,SUCCESS,SUCCESS,NONE,Transaction successful,2026-08-25 05:14:39,5,Tuesday,13,3,0,17,8345.82,0
pay_10062,2648.08,INR,UPI,SUCCESS,SUCCESS,NONE,Transaction successful,2026-08-16 17:15:05,17,Sunday,19,2,0,22,2343.79,0
pay_10063,7455.95,INR,Debit Card,SUCCESS,SUCCESS,NONE,Transaction successful,2026-08-13 19:15:41,19,Thursday,9,1,0,11,6136.42,0
pay_10064,2143.65,INR,UPI,SUCCESS,SUCCESS,NONE,Transaction successful,2026-08-05 03:05:49,3,Wednesday,10,1,0,12,2545.5,0
pay_10065,3062.12,INR,Debit Card,FAILED,BANK_DECLINE,E_ISSUER_DECLINE,Transaction failed due to code E_ISSUER_DECLINE,2026-08-31 08:52:03,8,Monday,9,0,3,10,3456.35,0
pay_10066,3212.5,INR,UPI,SUCCESS,SUCCESS,NONE,Transaction successful,2026-08-20 04:05:29,4,Thursday,12,0,0,13,3701.26,0
pay_10067,825.21,INR,Net Banking,FAILED,BANK_DECLINE,E_ISSUER_DECLINE,Transaction failed due to code E_ISSUER_DECLINE,2026-08-09 06:06:27,6,Sunday,18,4,2,23,784.94,0
pay_10068,3202.66,INR,UPI,SUCCESS,SUCCESS,NONE,Transaction successful,2026-08-13 08:35:21,8,Thursday,2,4,0,7,2576.67,0
pay_10069,1730.89,INR,UPI,SUCCESS,SUCCESS,NONE,Transaction successful,2026-09-03 04:20:14,4,Thursday,8,0,0,9,1856.23,0
pay_10070,827.9,INR,UPI,SUCCESS,SUCCESS,NONE,Transaction successful,2026-08-13 10:17:22,10,Thursday,0,4,0,5,981.3,0
pay_10071,180.57,INR,Wallet,SUCCESS,SUCCESS,NONE,Transaction successful,2026-08-14 04:34:59,4,Friday,15,4,0,20,216.18,0
pay_10072,341.65,INR,Credit Card,SUCCESS,SUCCESS,NONE,Transaction successful,2026-09-01 03:43:06,3,Tuesday,14,0,0,15,302.95,0
pay_10073,1022.1,INR,Wallet,SUCCESS,SUCCESS,NONE,Transaction successful,2026-08-21 02:08:44,2,Friday,10,3,0,14,1209.64,0
pay_10074,299.01,INR,UPI,SUCCESS,SUCCESS,NONE,Transaction successful,2026-08-20 03:15:26,3,Thursday,7,1,0,9,261.71,0
pay_10075,1707.65,INR,UPI,SUCCESS,SUCCESS,NONE,Transaction successful,2026-08-20 05:51:14,5,Thursday,8,3,0,12,2039.76,0
pay_10076,3144.66,INR,Credit Card,FAILED,NETWORK_OR_TIMEOUT,E_GATEWAY_TIMEOUT,Transaction failed due to code E_GATEWAY_TIMEOUT,2026-08-08 08:41:15,8,Saturday,12,2,0,15,3550.37,1
pay_10077,7629.35,INR,Debit Card,FAILED,INSUFFICIENT_FUNDS,E_INSUFFICIENT_FUNDS,Transaction failed due to code E_INSUFFICIENT_FUNDS,2026-08-11 08:18:45,8,Tuesday,17,2,1,20,6241.48,1
pay_10078,216.8,INR,UPI,SUCCESS,SUCCESS,NONE,Transaction successful,2026-08-05 00:12:39,0,Wednesday,14,0,0,15,206.11,0
pay_10079,3611.52,INR,UPI,FAILED,INVALID_PAYMENT_DETAILS,E_INVALID_CVV,Transaction failed due to code E_INVALID_CVV,2026-08-07 19:16:01,19,Friday,8,2,1,11,3082.58,0
pay_10080,184.42,INR,UPI,FAILED,UNKNOWN,E_GENERIC_ERROR,Transaction failed due to code E_GENERIC_ERROR,2026-08-20 00:08:50,0,Thursday,2,4,1,7,190.7,0
pay_10081,3387.67,INR,Debit Card,SUCCESS,SUCCESS,NONE,Transaction successful,2026-08-18 11:55:51,11,Tuesday,8,0,0,9,4002.94,0
pay_10082,2479.62,INR,UPI,SUCCESS,SUCCESS,NONE,Transaction successful,2026-08-12 19:12:30,19,Wednesday,7,1,0,9,2477.8,0
pay_10083,1766.66,INR,Debit Card,FAILED,AUTHENTICATION_FAILURE,E_3DS_FAILED,Transaction failed due to code E_3DS_FAILED,2026-08-12 15:27:36,15,Wednesday,16,4,0,21,1851.68,1
pay_10084,3194.16,INR,UPI,SUCCESS,SUCCESS,NONE,Transaction successful,2026-08-08 11:26:46,11,Saturday,5,1,0,7,3309.04,0
pay_10085,1394.95,INR,UPI,SUCCESS,SUCCESS,NONE,Transaction successful,2026-09-03 11:24:26,11,Thursday,0,3,0,4,1282.22,0
pay_10086,2003.76,INR,Credit Card,SUCCESS,SUCCESS,NONE,Transaction successful,2026-09-02 04:32:19,4,Wednesday,16,1,0,18,2219.3,0
pay_10087,321.33,INR,UPI,SUCCESS,SUCCESS,NONE,Transaction successful,2026-08-26 02:14:03,2,Wednesday,10,2,0,13,287.93,0
pay_10088,347.24,INR,UPI,SUCCESS,SUCCESS,NONE,Transaction successful,2026-08-10 11:05:17,11,Monday,10,3,0,14,303.05,0
pay_10089,1210.35,INR,Net Banking,SUCCESS,SUCCESS,NONE,Transaction successful,2026-08-21 00:48:57,0,Friday,17,4,0,22,1061.37,0
pay_10090,254.32,INR,UPI,SUCCESS,SUCCESS,NONE,Transaction successful,2026-08-18 02:40:18,2,Tuesday,5,0,0,6,257.82,0
pay_10091,1250.11,INR,Net Banking,SUCCESS,SUCCESS,NONE,Transaction successful,2026-08-28 22:13:24,22,Friday,8,1,0,10,1399.83,0
pay_10092,2621.48,INR,UPI,SUCCESS,SUCCESS,NONE,Transaction successful,2026-08-31 02:55:16,2,Monday,15,4,0,20,2099.91,0
pay_10093,5218.09,INR,UPI,SUCCESS,SUCCESS,NONE,Transaction successful,2026-09-03 10:25:29,10,Thursday,14,1,0,16,5760.68,0
pay_10094,2044.3,INR,Debit Card,SUCCESS,SUCCESS,NONE,Transaction successful,2026-09-01 01:09:24,1,Tuesday,18,2,0,21,2367.47,0
pay_10095,1941.95,INR,Credit Card,SUCCESS,SUCCESS,NONE,Transaction successful,2026-08-06 01:18:00,1,Thursday,2,2,0,5,1741.91,0
pay_10096,934.19,INR,UPI,SUCCESS,SUCCESS,NONE,Transaction successful,2026-08-31 12:41:36,12,Monday,16,1,0,18,947.39,0
pay_10097,813.88,INR,UPI,SUCCESS,SUCCESS,NONE,Transaction successful,2026-08-21 10:43:27,10,Friday,2,0,0,3,813.37,0
pay_10098,377.33,INR,Credit Card,FAILED,BANK_DECLINE,E_ISSUER_DECLINE,Transaction failed due to code E_ISSUER_DECLINE,2026-08-10 21:44:05,21,Monday,9,0,2,10,352.8,0
pay_10099,5897.66,INR,Credit Card,SUCCESS,SUCCESS,NONE,Transaction successful,2026-08-15 06:04:33,6,Saturday,12,4,0,17,6920.77,0
pay_10100,168.91,INR,UPI,SUCCESS,SUCCESS,NONE,Transaction successful,2026-08-10 18:35:40,18,Monday,3,2,0,6,141.07,0
pay_10101,4248.0,INR,UPI,SUCCESS,SUCCESS,NONE,Transaction successful,2026-08-30 09:30:39,9,Sunday,18,4,0,23,5067.66,0
pay_10102,447.07,INR,UPI,FAILED,INVALID_PAYMENT_DETAILS,E_INVALID_CVV,Transaction failed due to code E_INVALID_CVV,2026-08-24 17:48:49,17,Monday,5,2,0,8,504.45,0
pay_10103,3318.68,INR,Credit Card,SUCCESS,SUCCESS,NONE,Transaction successful,2026-08-07 12:30:08,12,Friday,11,4,0,16,2903.24,0
pay_10104,1127.72,INR,UPI,SUCCESS,SUCCESS,NONE,Transaction successful,2026-08-15 17:38:47,17,Saturday,0,1,0,2,1248.51,0
pay_10105,378.34,INR,Credit Card,SUCCESS,SUCCESS,NONE,Transaction successful,2026-08-23 06:22:45,6,Sunday,10,2,0,13,310.51,0
pay_10106,1175.96,INR,UPI,FAILED,CARD_ISSUE,E_CARD_EXPIRED,Transaction failed due to code E_CARD_EXPIRED,2026-08-09 08:28:48,8,Sunday,19,0,1,20,1006.07,0
pay_10107,156.79,INR,UPI,SUCCESS,SUCCESS,NONE,Transaction successful,2026-08-30 00:54:29,0,Sunday,2,0,0,3,178.79,0
pay_10108,3575.8,INR,UPI,FAILED,CUSTOMER_ABANDONMENT,E_USER_CANCELLED,Transaction failed due to code E_USER_CANCELLED,2026-08-20 15:20:11,15,Thursday,2,2,3,5,4185.76,0
pay_10109,3346.71,INR,UPI,SUCCESS,SUCCESS,NONE,Transaction successful,2026-08-17 20:03:31,20,Monday,8,4,0,13,2947.28,0
pay_10110,596.79,INR,UPI,SUCCESS,SUCCESS,NONE,Transaction successful,2026-08-10 17:34:51,17,Monday,13,1,0,15,694.15,0
pay_10111,1100.21,INR,Credit Card,FAILED,BANK_DECLINE,E_ISSUER_DECLINE,Transaction failed due to code E_ISSUER_DECLINE,2026-08-22 19:49:28,19,Saturday,18,4,1,23,1012.8,0
pay_10112,3591.94,INR,Credit Card,SUCCESS,SUCCESS,NONE,Transaction successful,2026-08-12 16:00:23,16,Wednesday,1,4,0,6,4175.95,0
pay_10113,2597.0,INR,UPI,SUCCESS,SUCCESS,NONE,Transaction successful,2026-08-23 12:40:28,12,Sunday,18,1,0,20,2222.28,0
pay_10114,4100.0,INR,Credit Card,FAILED,AUTHENTICATION_FAILURE,E_3DS_FAILED,Transaction failed due to code E_3DS_FAILED,2026-08-17 12:16:42,12,Monday,5,0,0,6,3791.22,1
pay_10115,864.17,INR,Debit Card,SUCCESS,SUCCESS,NONE,Transaction successful,2026-08-21 01:24:04,1,Friday,1,1,0,3,862.09,0
pay_10116,3662.52,INR,UPI,SUCCESS,SUCCESS,NONE,Transaction successful,2026-08-22 00:20:19,0,Saturday,3,4,0,8,3116.79,0
pay_10117,1415.79,INR,Debit Card,SUCCESS,SUCCESS,NONE,Transaction successful,2026-08-29 17:02:51,17,Saturday,3,3,0,7,1569.76,0
pay_10118,180.7,INR,Credit Card,SUCCESS,SUCCESS,NONE,Transaction successful,2026-08-08 14:21:14,14,Saturday,10,2,0,13,169.55,0
pay_10119,651.0,INR,Net Banking,SUCCESS,SUCCESS,NONE,Transaction successful,2026-08-23 18:37:16,18,Sunday,14,1,0,16,767.47,0
pay_10120,566.17,INR,Credit Card,SUCCESS,SUCCESS,NONE,Transaction successful,2026-08-06 03:28:52,3,Thursday,0,3,0,4,587.22,0
pay_10121,419.56,INR,Net Banking,FAILED,NETWORK_OR_TIMEOUT,E_GATEWAY_TIMEOUT,Transaction failed due to code E_GATEWAY_TIMEOUT,2026-08-06 22:52:43,22,Thursday,16,3,1,20,398.49,1
pay_10122,328.53,INR,UPI,FAILED,BANK_DECLINE,E_ISSUER_DECLINE,Transaction failed due to code E_ISSUER_DECLINE,2026-09-03 07:25:19,7,Thursday,4,4,1,9,284.58,0
pay_10123,665.47,INR,Debit Card,FAILED,BANK_DECLINE,E_ISSUER_DECLINE,Transaction failed due to code E_ISSUER_DECLINE,2026-08-10 09:53:59,9,Monday,14,4,3,19,633.34,0
pay_10124,3558.88,INR,UPI,SUCCESS,SUCCESS,NONE,Transaction successful,2026-08-14 22:10:24,22,Friday,19,0,0,20,4076.37,0
pay_10125,6558.58,INR,Credit Card,FAILED,BANK_DECLINE,E_ISSUER_DECLINE,Transaction failed due to code E_ISSUER_DECLINE,2026-08-22 23:49:37,23,Saturday,11,2,2,14,5616.39,0
pay_10126,635.14,INR,Credit Card,FAILED,CARD_ISSUE,E_CARD_EXPIRED,Transaction failed due to code E_CARD_EXPIRED,2026-08-09 02:56:39,2,Sunday,17,4,1,22,638.99,0
pay_10127,9426.92,INR,Credit Card,FAILED,BANK_DECLINE,E_ISSUER_DECLINE,Transaction failed due to code E_ISSUER_DECLINE,2026-09-01 14:33:16,14,Tuesday,16,0,3,17,8710.24,0
pay_10128,1415.91,INR,UPI,SUCCESS,SUCCESS,NONE,Transaction successful,2026-09-03 04:24:41,4,Thursday,16,4,0,21,1346.66,0
pay_10129,4678.35,INR,Credit Card,FAILED,BANK_DECLINE,E_ISSUER_DECLINE,Transaction failed due to code E_ISSUER_DECLINE,2026-08-09 15:03:19,15,Sunday,16,1,1,18,4672.76,0
pay_10130,3774.22,INR,UPI,FAILED,CUSTOMER_ABANDONMENT,E_USER_CANCELLED,Transaction failed due to code E_USER_CANCELLED,2026-08-23 11:59:58,11,Sunday,9,1,3,11,4374.22,0
pay_10131,2019.42,INR,Debit Card,SUCCESS,SUCCESS,NONE,Transaction successful,2026-08-25 08:35:57,8,Tuesday,17,4,0,22,1945.09,0
pay_10132,2155.86,INR,UPI,SUCCESS,SUCCESS,NONE,Transaction successful,2026-08-05 13:41:05,13,Wednesday,7,0,0,8,2414.49,0
pay_10133,641.69,INR,Credit Card,SUCCESS,SUCCESS,NONE,Transaction successful,2026-08-10 03:42:54,3,Monday,13,2,0,16,760.44,0
pay_10134,7374.37,INR,UPI,SUCCESS,SUCCESS,NONE,Transaction successful,2026-08-11 18:17:40,18,Tuesday,15,1,0,17,5937.85,0
pay_10135,373.47,INR,UPI,SUCCESS,SUCCESS,NONE,Transaction successful,2026-08-12 21:23:21,21,Wednesday,18,3,0,22,394.82,0
pay_10136,3193.03,INR,Net Banking,SUCCESS,SUCCESS,NONE,Transaction successful,2026-08-05 16:56:42,16,Wednesday,1,2,0,4,3308.36,0
pay_10137,930.15,INR,Credit Card,FAILED,CARD_ISSUE,E_CARD_EXPIRED,Transaction failed due to code E_CARD_EXPIRED,2026-08-16 05:15:08,5,Sunday,11,2,0,14,1097.0,0
pay_10138,3755.64,INR,UPI,SUCCESS,SUCCESS,NONE,Transaction successful,2026-08-19 19:05:36,19,Wednesday,13,0,0,14,3732.77,0
pay_10139,1945.95,INR,Debit Card,SUCCESS,SUCCESS,NONE,Transaction successful,2026-08-14 22:38:07,22,Friday,10,3,0,14,1659.72,0
pay_10140,5920.81,INR,Credit Card,SUCCESS,SUCCESS,NONE,Transaction successful,2026-09-01 20:34:35,20,Tuesday,17,4,0,22,6666.96,0
pay_10141,1873.34,INR,UPI,SUCCESS,SUCCESS,NONE,Transaction successful,2026-08-07 07:59:11,7,Friday,11,4,0,16,1506.91,0
pay_10142,518.02,INR,Net Banking,SUCCESS,SUCCESS,NONE,Transaction successful,2026-08-18 21:12:03,21,Tuesday,6,1,0,8,603.89,0
pay_10143,1506.52,INR,UPI,SUCCESS,SUCCESS,NONE,Transaction successful,2026-08-22 17:36:48,17,Saturday,1,3,0,5,1782.89,0
pay_10144,659.49,INR,UPI,SUCCESS,SUCCESS,NONE,Transaction successful,2026-08-28 10:55:37,10,Friday,10,2,0,13,621.42,0
pay_10145,3323.91,INR,UPI,SUCCESS,SUCCESS,NONE,Transaction successful,2026-08-09 01:33:32,1,Sunday,14,4,0,19,3302.31,0
pay_10146,936.47,INR,Credit Card,FAILED,INVALID_PAYMENT_DETAILS,E_INVALID_CVV,Transaction failed due to code E_INVALID_CVV,2026-08-22 03:42:17,3,Saturday,12,2,2,15,874.38,0
pay_10147,3834.12,INR,UPI,SUCCESS,SUCCESS,NONE,Transaction successful,2026-08-23 06:51:59,6,Sunday,7,1,0,9,3772.29,0
pay_10148,347.43,INR,UPI,SUCCESS,SUCCESS,NONE,Transaction successful,2026-08-23 21:20:34,21,Sunday,5,1,0,7,292.27,0
pay_10149,1094.37,INR,Debit Card,SUCCESS,SUCCESS,NONE,Transaction successful,2026-08-13 20:53:59,20,Thursday,9,0,0,10,1070.73,0
pay_10150,661.83,INR,Credit Card,FAILED,INVALID_PAYMENT_DETAILS,E_INVALID_CVV,Transaction failed due to code E_INVALID_CVV,2026-09-02 12:22:33,12,Wednesday,4,0,2,5,768.61,0
pay_10151,2750.85,INR,Credit Card,SUCCESS,SUCCESS,NONE,Transaction successful,2026-08-22 19:09:25,19,Saturday,15,0,0,16,2399.37,0
pay_10152,2248.01,INR,Net Banking,SUCCESS,SUCCESS,NONE,Transaction successful,2026-08-24 20:09:41,20,Monday,8,2,0,11,2629.63,0
pay_10153,9006.17,INR,Net Banking,FAILED,INSUFFICIENT_FUNDS,E_INSUFFICIENT_FUNDS,Transaction failed due to code E_INSUFFICIENT_FUNDS,2026-09-02 14:09:12,14,Wednesday,17,2,2,20,10191.08,1
pay_10154,244.27,INR,Credit Card,SUCCESS,SUCCESS,NONE,Transaction successful,2026-08-30 08:53:45,8,Sunday,12,1,0,14,281.89,0
pay_10155,2038.97,INR,UPI,SUCCESS,SUCCESS,NONE,Transaction successful,2026-08-14 01:29:49,1,Friday,14,0,0,15,2070.29,0
pay_10156,2859.22,INR,Debit Card,SUCCESS,SUCCESS,NONE,Transaction successful,2026-08-16 09:32:54,9,Sunday,11,1,0,13,2315.28,0
pay_10157,5252.45,INR,UPI,FAILED,INVALID_PAYMENT_DETAILS,E_INVALID_CVV,Transaction failed due to code E_INVALID_CVV,2026-08-13 09:05:12,9,Thursday,13,3,2,17,4312.65,0
pay_10158,381.78,INR,UPI,SUCCESS,SUCCESS,NONE,Transaction successful,2026-08-19 01:28:02,1,Wednesday,11,0,0,12,422.75,0
pay_10159,1502.21,INR,UPI,FAILED,INSUFFICIENT_FUNDS,E_INSUFFICIENT_FUNDS,Transaction failed due to code E_INSUFFICIENT_FUNDS,2026-08-18 11:42:51,11,Tuesday,13,1,0,15,1379.81,1
pay_10160,815.15,INR,UPI,FAILED,INSUFFICIENT_FUNDS,E_INSUFFICIENT_FUNDS,Transaction failed due to code E_INSUFFICIENT_FUNDS,2026-08-19 09:25:11,9,Wednesday,16,0,2,17,873.73,1
pay_10161,765.56,INR,Net Banking,SUCCESS,SUCCESS,NONE,Transaction successful,2026-08-15 05:41:07,5,Saturday,5,2,0,8,889.19,0
pay_10162,11467.03,INR,Debit Card,SUCCESS,SUCCESS,NONE,Transaction successful,2026-08-31 04:44:42,4,Monday,19,4,0,24,12153.43,0
pay_10163,2489.56,INR,Credit Card,SUCCESS,SUCCESS,NONE,Transaction successful,2026-08-14 16:23:28,16,Friday,8,0,0,9,2944.92,0
pay_10164,4524.71,INR,Debit Card,SUCCESS,SUCCESS,NONE,Transaction successful,2026-08-22 05:13:09,5,Saturday,8,2,0,11,4700.76,0
pay_10165,2011.27,INR,UPI,FAILED,NETWORK_OR_TIMEOUT,E_GATEWAY_TIMEOUT,Transaction failed due to code E_GATEWAY_TIMEOUT,2026-09-03 11:43:21,11,Thursday,2,2,3,5,1789.58,1
pay_10166,783.42,INR,Credit Card,FAILED,RISK_OR_FRAUD,E_FRAUD_SUSPECTED,Transaction failed due to code E_FRAUD_SUSPECTED,2026-08-12 23:08:47,23,Wednesday,8,2,2,11,712.27,0
pay_10167,1768.89,INR,UPI,FAILED,AUTHENTICATION_FAILURE,E_3DS_FAILED,Transaction failed due to code E_3DS_FAILED,2026-08-17 22:00:00,22,Monday,10,2,0,13,1614.21,1
pay_10168,878.05,INR,UPI,FAILED,BANK_DECLINE,E_ISSUER_DECLINE,Transaction failed due to code E_ISSUER_DECLINE,2026-08-24 15:52:17,15,Monday,4,3,1,8,740.89,0
pay_10169,5772.14,INR,Wallet,FAILED,BANK_DECLINE,E_ISSUER_DECLINE,Transaction failed due to code E_ISSUER_DECLINE,2026-08-06 03:30:38,3,Thursday,2,1,2,4,5873.22,0
pay_10170,5146.83,INR,Debit Card,FAILED,CARD_ISSUE,E_CARD_EXPIRED,Transaction failed due to code E_CARD_EXPIRED,2026-09-01 01:54:17,1,Tuesday,15,0,2,16,4805.1,0
pay_10171,831.79,INR,Net Banking,SUCCESS,SUCCESS,NONE,Transaction successful,2026-08-22 20:22:50,20,Saturday,5,3,0,9,718.2,0
pay_10172,5468.87,INR,Net Banking,FAILED,INSUFFICIENT_FUNDS,E_INSUFFICIENT_FUNDS,Transaction failed due to code E_INSUFFICIENT_FUNDS,2026-08-12 21:38:29,21,Wednesday,6,1,2,8,6164.44,1
pay_10173,4611.48,INR,Credit Card,SUCCESS,SUCCESS,NONE,Transaction successful,2026-08-30 20:38:53,20,Sunday,12,2,0,15,5499.07,0
pay_10174,2647.91,INR,UPI,SUCCESS,SUCCESS,NONE,Transaction successful,2026-08-15 10:58:58,10,Saturday,12,2,0,15,2254.38,0
pay_10175,982.89,INR,UPI,FAILED,CARD_ISSUE,E_CARD_EXPIRED,Transaction failed due to code E_CARD_EXPIRED,2026-09-03 12:31:27,12,Thursday,14,4,3,19,826.61,0
pay_10176,7070.63,INR,Credit Card,FAILED,INSUFFICIENT_FUNDS,E_INSUFFICIENT_FUNDS,Transaction failed due to code E_INSUFFICIENT_FUNDS,2026-08-27 06:26:48,6,Thursday,16,1,3,18,6995.89,1
pay_10177,299.16,INR,UPI,FAILED,NETWORK_OR_TIMEOUT,E_GATEWAY_TIMEOUT,Transaction failed due to code E_GATEWAY_TIMEOUT,2026-08-26 17:05:44,17,Wednesday,3,2,3,6,254.89,1
pay_10178,3699.76,INR,UPI,SUCCESS,SUCCESS,NONE,Transaction successful,2026-08-15 19:36:55,19,Saturday,14,2,0,17,3333.5,0
pay_10179,152.58,INR,UPI,FAILED,INSUFFICIENT_FUNDS,E_INSUFFICIENT_FUNDS,Transaction failed due to code E_INSUFFICIENT_FUNDS,2026-08-07 09:09:39,9,Friday,6,4,0,11,164.4,1
pay_10180,773.62,INR,UPI,SUCCESS,SUCCESS,NONE,Transaction successful,2026-09-01 14:24:10,14,Tuesday,2,0,0,3,916.97,0
pay_10181,229.51,INR,Debit Card,SUCCESS,SUCCESS,NONE,Transaction successful,2026-08-21 19:54:13,19,Friday,19,2,0,22,208.78,0
pay_10182,10484.43,INR,UPI,FAILED,NETWORK_OR_TIMEOUT,E_GATEWAY_TIMEOUT,Transaction failed due to code E_GATEWAY_TIMEOUT,2026-08-31 18:08:50,18,Monday,16,0,2,17,11385.77,1
pay_10183,2218.13,INR,Credit Card,FAILED,INSUFFICIENT_FUNDS,E_INSUFFICIENT_FUNDS,Transaction failed due to code E_INSUFFICIENT_FUNDS,2026-08-17 19:32:33,19,Monday,7,2,0,10,2524.04,1
pay_10184,3728.48,INR,Credit Card,SUCCESS,SUCCESS,NONE,Transaction successful,2026-08-23 20:26:30,20,Sunday,2,3,0,6,4170.73,0
pay_10185,1792.15,INR,UPI,SUCCESS,SUCCESS,NONE,Transaction successful,2026-08-13 22:10:15,22,Thursday,19,3,0,23,1834.02,0
pay_10186,788.97,INR,UPI,SUCCESS,SUCCESS,NONE,Transaction successful,2026-08-12 06:11:24,6,Wednesday,1,2,0,4,941.83,0
pay_10187,555.06,INR,Credit Card,SUCCESS,SUCCESS,NONE,Transaction successful,2026-08-06 12:58:48,12,Thursday,5,2,0,8,598.35,0
pay_10188,5067.47,INR,Debit Card,FAILED,NETWORK_OR_TIMEOUT,E_GATEWAY_TIMEOUT,Transaction failed due to code E_GATEWAY_TIMEOUT,2026-09-01 08:13:50,8,Tuesday,16,3,0,20,6053.93,1
pay_10189,534.32,INR,Credit Card,SUCCESS,SUCCESS,NONE,Transaction successful,2026-08-24 00:10:58,0,Monday,9,1,0,11,497.23,0
pay_10190,1973.03,INR,UPI,SUCCESS,SUCCESS,NONE,Transaction successful,2026-08-06 17:25:23,17,Thursday,12,3,0,16,1860.81,0
pay_10191,1121.87,INR,Wallet,SUCCESS,SUCCESS,NONE,Transaction successful,2026-08-05 06:38:28,6,Wednesday,14,1,0,16,915.98,0
pay_10192,2924.58,INR,Wallet,SUCCESS,SUCCESS,NONE,Transaction successful,2026-08-14 10:58:59,10,Friday,5,0,0,6,3434.88,0
pay_10193,283.43,INR,Credit Card,FAILED,CUSTOMER_ABANDONMENT,E_USER_CANCELLED,Transaction failed due to code E_USER_CANCELLED,2026-08-08 11:21:12,11,Saturday,19,2,3,22,281.66,0
pay_10194,2853.06,INR,Credit Card,SUCCESS,SUCCESS,NONE,Transaction successful,2026-08-13 03:09:04,3,Thursday,8,3,0,12,3117.36,0
pay_10195,362.89,INR,UPI,SUCCESS,SUCCESS,NONE,Transaction successful,2026-08-06 07:47:25,7,Thursday,12,2,0,15,322.13,0
pay_10196,9460.26,INR,UPI,FAILED,BANK_DECLINE,E_ISSUER_DECLINE,Transaction failed due to code E_ISSUER_DECLINE,2026-08-28 09:56:14,9,Friday,18,3,3,22,9669.76,0
pay_10197,3325.3,INR,UPI,SUCCESS,SUCCESS,NONE,Transaction successful,2026-08-16 15:02:46,15,Sunday,2,3,0,6,2925.66,0
pay_10198,3000.37,INR,UPI,SUCCESS,SUCCESS,NONE,Transaction successful,2026-08-23 12:45:41,12,Sunday,6,3,0,10,2609.35,0
pay_10199,8246.46,INR,UPI,SUCCESS,SUCCESS,NONE,Transaction successful,2026-08-31 15:20:46,15,Monday,3,3,0,7,7821.07,0
pay_10200,11135.16,INR,UPI,SUCCESS,SUCCESS,NONE,Transaction successful,2026-08-20 19:03:05,19,Thursday,3,1,0,5,12138.47,0
pay_10201,1817.09,INR,Net Banking,FAILED,AUTHENTICATION_FAILURE,E_3DS_FAILED,Transaction failed due to code E_3DS_FAILED,2026-08-20 03:49:44,3,Thursday,18,1,2,20,2116.81,1
pay_10202,741.4,INR,Credit Card,FAILED,INSUFFICIENT_FUNDS,E_INSUFFICIENT_FUNDS,Transaction failed due to code E_INSUFFICIENT_FUNDS,2026-08-07 16:46:03,16,Friday,3,1,3,5,663.57,1
pay_10203,9035.44,INR,UPI,SUCCESS,SUCCESS,NONE,Transaction successful,2026-08-09 04:18:43,4,Sunday,14,0,0,15,9623.18,0
pay_10204,400.27,INR,Credit Card,FAILED,INSUFFICIENT_FUNDS,E_INSUFFICIENT_FUNDS,Transaction failed due to code E_INSUFFICIENT_FUNDS,2026-08-20 15:23:36,15,Thursday,7,3,0,11,341.17,1
pay_10205,8901.53,INR,Credit Card,SUCCESS,SUCCESS,NONE,Transaction successful,2026-08-17 08:12:41,8,Monday,15,1,0,17,8719.15,0
pay_10206,2917.04,INR,UPI,SUCCESS,SUCCESS,NONE,Transaction successful,2026-08-15 09:07:07,9,Saturday,10,3,0,14,3158.31,0
pay_10207,606.93,INR,UPI,SUCCESS,SUCCESS,NONE,Transaction successful,2026-08-31 11:06:23,11,Monday,14,4,0,19,615.07,0
pay_10208,3955.75,INR,Debit Card,SUCCESS,SUCCESS,NONE,Transaction successful,2026-08-08 15:27:42,15,Saturday,14,3,0,18,4018.89,0
pay_10209,236.96,INR,Wallet,SUCCESS,SUCCESS,NONE,Transaction successful,2026-08-08 18:39:06,18,Saturday,0,2,0,3,232.43,0
pay_10210,6940.52,INR,UPI,SUCCESS,SUCCESS,NONE,Transaction successful,2026-08-24 12:23:03,12,Monday,11,1,0,13,6655.62,0
pay_10211,1784.32,INR,Credit Card,FAILED,AUTHENTICATION_FAILURE,E_3DS_FAILED,Transaction failed due to code E_3DS_FAILED,2026-08-26 23:04:08,23,Wednesday,14,2,3,17,1776.36,1
pay_10212,2898.01,INR,UPI,SUCCESS,SUCCESS,NONE,Transaction successful,2026-08-20 05:38:43,5,Thursday,17,1,0,19,3167.99,0
pay_10213,592.98,INR,UPI,SUCCESS,SUCCESS,NONE,Transaction successful,2026-08-22 14:52:29,14,Saturday,5,4,0,10,702.88,0
pay_10214,886.96,INR,Credit Card,FAILED,NETWORK_OR_TIMEOUT,E_GATEWAY_TIMEOUT,Transaction failed due to code E_GATEWAY_TIMEOUT,2026-08-10 10:30:05,10,Monday,17,0,1,18,1004.35,1
pay_10215,5148.97,INR,Debit Card,FAILED,CUSTOMER_ABANDONMENT,E_USER_CANCELLED,Transaction failed due to code E_USER_CANCELLED,2026-08-18 20:05:18,20,Tuesday,18,4,0,23,5492.86,0
pay_10216,2302.05,INR,UPI,FAILED,INSUFFICIENT_FUNDS,E_INSUFFICIENT_FUNDS,Transaction failed due to code E_INSUFFICIENT_FUNDS,2026-08-10 01:03:52,1,Monday,0,0,0,1,2756.32,1
pay_10217,3640.13,INR,UPI,FAILED,RISK_OR_FRAUD,E_FRAUD_SUSPECTED,Transaction failed due to code E_FRAUD_SUSPECTED,2026-09-03 11:56:05,11,Thursday,5,3,0,9,3884.15,0
pay_10218,4273.64,INR,Debit Card,FAILED,BANK_DECLINE,E_ISSUER_DECLINE,Transaction failed due to code E_ISSUER_DECLINE,2026-08-06 11:59:05,11,Thursday,6,0,1,7,3980.27,0
pay_10219,2637.04,INR,Credit Card,SUCCESS,SUCCESS,NONE,Transaction successful,2026-08-12 09:05:15,9,Wednesday,0,0,0,1,2685.23,0
pay_10220,1619.35,INR,UPI,SUCCESS,SUCCESS,NONE,Transaction successful,2026-08-12 00:39:29,0,Wednesday,13,1,0,15,1787.34,0
pay_10221,1885.1,INR,Credit Card,SUCCESS,SUCCESS,NONE,Transaction successful,2026-08-19 22:23:58,22,Wednesday,5,3,0,9,1527.42,0
pay_10222,1193.52,INR,UPI,SUCCESS,SUCCESS,NONE,Transaction successful,2026-08-23 20:10:00,20,Sunday,14,3,0,18,1182.39,0
pay_10223,1403.7,INR,Credit Card,SUCCESS,SUCCESS,NONE,Transaction successful,2026-08-22 01:38:48,1,Saturday,10,4,0,15,1584.72,0
pay_10224,1559.08,INR,Net Banking,FAILED,AUTHENTICATION_FAILURE,E_3DS_FAILED,Transaction failed due to code E_3DS_FAILED,2026-09-02 00:05:06,0,Wednesday,14,3,2,18,1830.01,1
pay_10225,1233.21,INR,UPI,SUCCESS,SUCCESS,NONE,Transaction successful,2026-08-30 13:08:03,13,Sunday,19,2,0,22,1445.13,0
pay_10226,2049.61,INR,Credit Card,SUCCESS,SUCCESS,NONE,Transaction successful,2026-08-21 02:39:04,2,Friday,12,3,0,16,2314.56,0
pay_10227,1997.88,INR,UPI,SUCCESS,SUCCESS,NONE,Transaction successful,2026-08-06 17:10:58,17,Thursday,12,0,0,13,2051.67,0
pay_10228,891.18,INR,Wallet,SUCCESS,SUCCESS,NONE,Transaction successful,2026-08-12 00:08:26,0,Wednesday,0,3,0,4,728.42,0
pay_10229,2657.01,INR,Wallet,SUCCESS,SUCCESS,NONE,Transaction successful,2026-08-07 03:21:17,3,Friday,8,1,0,10,2350.97,0
pay_10230,2510.32,INR,UPI,FAILED,NETWORK_OR_TIMEOUT,E_GATEWAY_TIMEOUT,Transaction failed due to code E_GATEWAY_TIMEOUT,2026-08-05 13:27:15,13,Wednesday,4,3,0,8,2284.2,1
pay_10231,4473.57,INR,UPI,FAILED,NETWORK_OR_TIMEOUT,E_GATEWAY_TIMEOUT,Transaction failed due to code E_GATEWAY_TIMEOUT,2026-09-01 09:53:04,9,Tuesday,0,1,1,2,3852.61,1
pay_10232,820.47,INR,Net Banking,SUCCESS,SUCCESS,NONE,Transaction successful,2026-08-16 09:43:51,9,Sunday,16,4,0,21,867.06,0
pay_10233,2485.46,INR,Credit Card,SUCCESS,SUCCESS,NONE,Transaction successful,2026-08-29 15:09:52,15,Saturday,12,4,0,17,2046.48,0
pay_10234,532.22,INR,UPI,SUCCESS,SUCCESS,NONE,Transaction successful,2026-08-22 22:37:49,22,Saturday,2,1,0,4,516.93,0
pay_10235,3311.06,INR,Credit Card,SUCCESS,SUCCESS,NONE,Transaction successful,2026-08-06 22:15:57,22,Thursday,13,2,0,16,3447.77,0
pay_10236,1178.31,INR,Net Banking,SUCCESS,SUCCESS,NONE,Transaction successful,2026-08-12 17:32:19,17,Wednesday,7,4,0,12,1364.1,0
pay_10237,682.57,INR,UPI,SUCCESS,SUCCESS,NONE,Transaction successful,2026-08-09 08:32:49,8,Sunday,6,3,0,10,666.85,0
pay_10238,4607.44,INR,Credit Card,SUCCESS,SUCCESS,NONE,Transaction successful,2026-09-03 07:10:26,7,Thursday,7,1,0,9,4939.42,0
pay_10239,806.11,INR,Credit Card,SUCCESS,SUCCESS,NONE,Transaction successful,2026-08-31 14:43:08,14,Monday,11,1,0,13,761.92,0
pay_10240,13648.38,INR,UPI,SUCCESS,SUCCESS,NONE,Transaction successful,2026-09-01 14:41:46,14,Tuesday,11,1,0,13,16146.72,0
pay_10241,631.85,INR,Credit Card,SUCCESS,SUCCESS,NONE,Transaction successful,2026-09-01 07:55:25,7,Tuesday,15,3,0,19,593.33,0
pay_10242,2883.4,INR,Debit Card,SUCCESS,SUCCESS,NONE,Transaction successful,2026-08-25 13:36:06,13,Tuesday,18,4,0,23,3156.95,0
pay_10243,3809.02,INR,UPI,SUCCESS,SUCCESS,NONE,Transaction successful,2026-08-27 01:35:07,1,Thursday,17,0,0,18,3974.31,0
pay_10244,1917.3,INR,UPI,SUCCESS,SUCCESS,NONE,Transaction successful,2026-08-06 01:24:20,1,Thursday,17,4,0,22,1810.04,0
pay_10245,379.31,INR,Net Banking,SUCCESS,SUCCESS,NONE,Transaction successful,2026-08-09 05:26:23,5,Sunday,2,3,0,6,345.89,0
pay_10246,7285.02,INR,Net Banking,FAILED,AUTHENTICATION_FAILURE,E_3DS_FAILED,Transaction failed due to code E_3DS_FAILED,2026-08-26 21:23:37,21,Wednesday,4,3,3,8,6435.62,1
pay_10247,6819.5,INR,UPI,SUCCESS,SUCCESS,NONE,Transaction successful,2026-08-08 00:19:20,0,Saturday,9,2,0,12,7610.65,0
pay_10248,1058.45,INR,UPI,SUCCESS,SUCCESS,NONE,Transaction successful,2026-08-26 04:58:01,4,Wednesday,1,2,0,4,993.29,0
pay_10249,9433.98,INR,Credit Card,SUCCESS,SUCCESS,NONE,Transaction successful,2026-08-15 08:56:47,8,Saturday,0,3,0,4,9835.38,0
pay_10250,524.73,INR,Net Banking,SUCCESS,SUCCESS,NONE,Transaction successful,2026-08-16 03:55:16,3,Sunday,2,2,0,5,503.46,0
pay_10251,545.66,INR,UPI,SUCCESS,SUCCESS,NONE,Transaction successful,2026-08-25 15:07:04,15,Tuesday,14,3,0,18,453.98,0
pay_10252,3898.36,INR,UPI,SUCCESS,SUCCESS,NONE,Transaction successful,2026-08-31 13:39:30,13,Monday,13,3,0,17,3804.04,0
pay_10253,429.19,INR,Credit Card,SUCCESS,SUCCESS,NONE,Transaction successful,2026-08-15 12:26:59,12,Saturday,1,3,0,5,405.98,0
pay_10254,1371.28,INR,Credit Card,SUCCESS,SUCCESS,NONE,Transaction successful,2026-08-23 09:20:24,9,Sunday,1,2,0,4,1510.74,0
pay_10255,2565.66,INR,UPI,SUCCESS,SUCCESS,NONE,Transaction successful,2026-08-25 02:56:11,2,Tuesday,13,2,0,16,2234.96,0
pay_10256,3091.04,INR,Credit Card,FAILED,INVALID_PAYMENT_DETAILS,E_INVALID_CVV,Transaction failed due to code E_INVALID_CVV,2026-08-23 10:26:02,10,Sunday,19,4,2,24,3244.23,0
pay_10257,2021.87,INR,UPI,FAILED,BANK_DECLINE,E_ISSUER_DECLINE,Transaction failed due to code E_ISSUER_DECLINE,2026-08-09 17:32:11,17,Sunday,2,2,0,5,1952.42,0
pay_10258,4543.94,INR,Debit Card,SUCCESS,SUCCESS,NONE,Transaction successful,2026-08-19 01:24:04,1,Wednesday,5,4,0,10,5017.04,0
pay_10259,518.67,INR,Credit Card,SUCCESS,SUCCESS,NONE,Transaction successful,2026-08-22 11:45:59,11,Saturday,17,4,0,22,617.4,0
pay_10260,4192.88,INR,Wallet,SUCCESS,SUCCESS,NONE,Transaction successful,2026-08-31 23:55:06,23,Monday,16,3,0,20,4437.9,0
pay_10261,1879.54,INR,UPI,SUCCESS,SUCCESS,NONE,Transaction successful,2026-08-16 22:46:12,22,Sunday,19,3,0,23,1993.6,0
pay_10262,4310.87,INR,Credit Card,SUCCESS,SUCCESS,NONE,Transaction successful,2026-08-14 03:28:19,3,Friday,9,4,0,14,3678.28,0
pay_10263,419.38,INR,Credit Card,SUCCESS,SUCCESS,NONE,Transaction successful,2026-08-26 23:23:11,23,Wednesday,15,4,0,20,382.37,0
pay_10264,6809.56,INR,UPI,FAILED,BANK_DECLINE,E_ISSUER_DECLINE,Transaction failed due to code E_ISSUER_DECLINE,2026-08-31 12:42:51,12,Monday,7,0,3,8,7119.9,0
pay_10265,322.44,INR,Credit Card,FAILED,BANK_DECLINE,E_ISSUER_DECLINE,Transaction failed due to code E_ISSUER_DECLINE,2026-08-15 20:37:15,20,Saturday,7,4,0,12,262.86,0
pay_10266,3578.09,INR,Credit Card,SUCCESS,SUCCESS,NONE,Transaction successful,2026-08-23 05:13:13,5,Sunday,16,4,0,21,3590.37,0
pay_10267,1375.9,INR,Credit Card,SUCCESS,SUCCESS,NONE,Transaction successful,2026-08-23 10:51:06,10,Sunday,14,2,0,17,1464.71,0
pay_10268,662.02,INR,UPI,FAILED,INSUFFICIENT_FUNDS,E_INSUFFICIENT_FUNDS,Transaction failed due to code E_INSUFFICIENT_FUNDS,2026-08-11 23:15:32,23,Tuesday,5,3,1,9,767.65,1
pay_10269,3963.72,INR,UPI,SUCCESS,SUCCESS,NONE,Transaction successful,2026-08-24 19:35:27,19,Monday,17,2,0,20,3363.43,0
pay_10270,2536.36,INR,Debit Card,FAILED,BANK_DECLINE,E_ISSUER_DECLINE,Transaction failed due to code E_ISSUER_DECLINE,2026-08-22 01:33:19,1,Saturday,17,1,2,19,2839.42,0
pay_10271,1016.18,INR,Wallet,SUCCESS,SUCCESS,NONE,Transaction successful,2026-08-20 13:12:12,13,Thursday,15,3,0,19,876.61,0
pay_10272,261.8,INR,UPI,SUCCESS,SUCCESS,NONE,Transaction successful,2026-08-04 23:57:33,23,Tuesday,7,2,0,10,267.05,0
pay_10273,1380.23,INR,UPI,SUCCESS,SUCCESS,NONE,Transaction successful,2026-08-22 06:37:30,6,Saturday,11,2,0,14,1593.85,0
pay_10274,2744.81,INR,UPI,SUCCESS,SUCCESS,NONE,Transaction successful,2026-08-30 09:37:26,9,Sunday,6,0,0,7,2479.59,0
pay_10275,2113.25,INR,Credit Card,SUCCESS,SUCCESS,NONE,Transaction successful,2026-08-22 14:18:28,14,Saturday,7,3,0,11,1736.13,0
pay_10276,1114.38,INR,Debit Card,SUCCESS,SUCCESS,NONE,Transaction successful,2026-08-29 05:33:06,5,Saturday,17,1,0,19,950.22,0
pay_10277,3386.38,INR,Debit Card,SUCCESS,SUCCESS,NONE,Transaction successful,2026-08-10 07:11:01,7,Monday,11,4,0,16,3269.1,0
pay_10278,3698.96,INR,Debit Card,SUCCESS,SUCCESS,NONE,Transaction successful,2026-08-27 15:39:24,15,Thursday,6,3,0,10,3900.61,0
pay_10279,3729.5,INR,UPI,SUCCESS,SUCCESS,NONE,Transaction successful,2026-08-25 19:43:44,19,Tuesday,0,3,0,4,4067.34,0
pay_10280,12162.09,INR,UPI,FAILED,AUTHENTICATION_FAILURE,E_3DS_FAILED,Transaction failed due to code E_3DS_FAILED,2026-08-11 00:11:02,0,Tuesday,9,4,0,14,13295.94,1
pay_10281,2542.69,INR,UPI,FAILED,AUTHENTICATION_FAILURE,E_3DS_FAILED,Transaction failed due to code E_3DS_FAILED,2026-08-17 14:35:18,14,Monday,9,1,1,11,2888.46,1
pay_10282,4619.62,INR,UPI,FAILED,CARD_ISSUE,E_CARD_EXPIRED,Transaction failed due to code E_CARD_EXPIRED,2026-08-30 15:20:15,15,Sunday,15,2,2,18,5251.53,0
pay_10283,1738.7,INR,Credit Card,SUCCESS,SUCCESS,NONE,Transaction successful,2026-08-11 22:03:38,22,Tuesday,3,3,0,7,1933.71,0
pay_10284,762.22,INR,UPI,SUCCESS,SUCCESS,NONE,Transaction successful,2026-08-30 03:54:51,3,Sunday,6,4,0,11,618.64,0
pay_10285,606.46,INR,UPI,SUCCESS,SUCCESS,NONE,Transaction successful,2026-08-15 11:38:50,11,Saturday,6,3,0,10,608.91,0
pay_10286,3363.0,INR,UPI,SUCCESS,SUCCESS,NONE,Transaction successful,2026-08-10 07:35:22,7,Monday,1,1,0,3,3500.41,0
pay_10287,208.0,INR,UPI,SUCCESS,SUCCESS,NONE,Transaction successful,2026-09-01 15:17:29,15,Tuesday,12,3,0,16,231.7,0
pay_10288,3224.77,INR,Debit Card,SUCCESS,SUCCESS,NONE,Transaction successful,2026-08-25 08:29:23,8,Tuesday,16,0,0,17,2694.1,0
pay_10289,773.12,INR,Credit Card,FAILED,NETWORK_OR_TIMEOUT,E_GATEWAY_TIMEOUT,Transaction failed due to code E_GATEWAY_TIMEOUT,2026-08-20 04:12:33,4,Thursday,12,0,1,13,748.77,1
pay_10290,2677.72,INR,Debit Card,SUCCESS,SUCCESS,NONE,Transaction successful,2026-08-13 05:52:17,5,Thursday,14,3,0,18,2553.29,0
pay_10291,2270.83,INR,Credit Card,SUCCESS,SUCCESS,NONE,Transaction successful,2026-08-10 16:00:42,16,Monday,17,2,0,20,1840.46,0
pay_10292,211.22,INR,Debit Card,SUCCESS,SUCCESS,NONE,Transaction successful,2026-08-24 19:41:48,19,Monday,12,2,0,15,248.45,0
pay_10293,900.39,INR,UPI,SUCCESS,SUCCESS,NONE,Transaction successful,2026-08-11 11:35:47,11,Tuesday,19,0,0,20,877.04,0
pay_10294,7075.61,INR,Debit Card,SUCCESS,SUCCESS,NONE,Transaction successful,2026-08-20 03:52:48,3,Thursday,6,1,0,8,8234.28,0
pay_10295,3937.74,INR,UPI,SUCCESS,SUCCESS,NONE,Transaction successful,2026-08-29 01:08:50,1,Saturday,19,0,0,20,4656.95,0
pay_10296,328.63,INR,UPI,SUCCESS,SUCCESS,NONE,Transaction successful,2026-08-12 09:12:44,9,Wednesday,2,3,0,6,366.37,0
pay_10297,9355.72,INR,UPI,SUCCESS,SUCCESS,NONE,Transaction successful,2026-08-13 10:25:25,10,Thursday,12,3,0,16,8069.8,0
pay_10298,4944.83,INR,UPI,FAILED,INSUFFICIENT_FUNDS,E_INSUFFICIENT_FUNDS,Transaction failed due to code E_INSUFFICIENT_FUNDS,2026-09-01 11:12:08,11,Tuesday,17,0,3,18,5482.55,1
pay_10299,375.97,INR,UPI,SUCCESS,SUCCESS,NONE,Transaction successful,2026-08-06 00:33:26,0,Thursday,19,4,0,24,308.63,0
pay_10300,1506.62,INR,UPI,SUCCESS,SUCCESS,NONE,Transaction successful,2026-08-22 04:43:27,4,Saturday,17,4,0,22,1599.53,0
pay_10301,701.92,INR,Credit Card,SUCCESS,SUCCESS,NONE,Transaction successful,2026-08-07 22:25:13,22,Friday,11,0,0,12,612.92,0
pay_10302,205.7,INR,Debit Card,SUCCESS,SUCCESS,NONE,Transaction successful,2026-08-05 17:47:33,17,Wednesday,6,0,0,7,207.62,0
pay_10303,454.77,INR,Net Banking,SUCCESS,SUCCESS,NONE,Transaction successful,2026-08-12 13:04:48,13,Wednesday,6,0,0,7,462.69,0
pay_10304,363.15,INR,Credit Card,SUCCESS,SUCCESS,NONE,Transaction successful,2026-08-20 15:49:11,15,Thursday,4,1,0,6,387.0,0
pay_10305,758.65,INR,UPI,SUCCESS,SUCCESS,NONE,Transaction successful,2026-08-14 16:42:17,16,Friday,11,3,0,15,714.94,0
pay_10306,9698.82,INR,Debit Card,SUCCESS,SUCCESS,NONE,Transaction successful,2026-08-13 21:57:59,21,Thursday,6,4,0,11,8398.04,0
pay_10307,1152.0,INR,Debit Card,SUCCESS,SUCCESS,NONE,Transaction successful,2026-08-22 23:01:25,23,Saturday,14,3,0,18,1322.76,0
pay_10308,832.14,INR,Credit Card,SUCCESS,SUCCESS,NONE,Transaction successful,2026-08-30 22:33:52,22,Sunday,1,0,0,2,697.05,0
pay_10309,1202.7,INR,UPI,SUCCESS,SUCCESS,NONE,Transaction successful,2026-08-09 19:49:52,19,Sunday,5,3,0,9,1179.46,0
pay_10310,1416.18,INR,UPI,SUCCESS,SUCCESS,NONE,Transaction successful,2026-08-19 10:34:41,10,Wednesday,9,3,0,13,1582.07,0
pay_10311,2304.47,INR,Credit Card,SUCCESS,SUCCESS,NONE,Transaction successful,2026-08-07 19:11:41,19,Friday,14,1,0,16,1989.18,0
pay_10312,3125.99,INR,Debit Card,SUCCESS,SUCCESS,NONE,Transaction successful,2026-08-22 08:33:01,8,Saturday,12,2,0,15,3622.63,0
pay_10313,612.38,INR,Credit Card,SUCCESS,SUCCESS,NONE,Transaction successful,2026-08-27 09:00:02,9,Thursday,7,4,0,12,669.36,0
pay_10314,4442.24,INR,UPI,FAILED,RISK_OR_FRAUD,E_FRAUD_SUSPECTED,Transaction failed due to code E_FRAUD_SUSPECTED,2026-08-07 20:26:36,20,Friday,11,2,0,14,4451.49,0
pay_10315,8687.73,INR,UPI,SUCCESS,SUCCESS,NONE,Transaction successful,2026-08-22 18:17:15,18,Saturday,12,1,0,14,7526.89,0
pay_10316,5491.15,INR,UPI,SUCCESS,SUCCESS,NONE,Transaction successful,2026-08-10 20:29:33,20,Monday,4,0,0,5,4597.26,0
pay_10317,224.51,INR,Debit Card,SUCCESS,SUCCESS,NONE,Transaction successful,2026-08-19 20:25:24,20,Wednesday,2,4,0,7,209.86,0
pay_10318,1029.18,INR,Net Banking,SUCCESS,SUCCESS,NONE,Transaction successful,2026-08-24 10:00:28,10,Monday,11,0,0,12,1017.31,0
pay_10319,4459.83,INR,Credit Card,SUCCESS,SUCCESS,NONE,Transaction successful,2026-08-23 09:34:03,9,Sunday,2,3,0,6,4165.85,0
pay_10320,627.18,INR,Debit Card,SUCCESS,SUCCESS,NONE,Transaction successful,2026-08-17 21:09:36,21,Monday,2,3,0,6,728.87,0
pay_10321,3514.53,INR,UPI,SUCCESS,SUCCESS,NONE,Transaction successful,2026-08-29 08:27:45,8,Saturday,15,0,0,16,3994.54,0
pay_10322,1743.27,INR,Wallet,SUCCESS,SUCCESS,NONE,Transaction successful,2026-08-22 05:44:57,5,Saturday,15,1,0,17,1621.31,0
pay_10323,3048.51,INR,UPI,SUCCESS,SUCCESS,NONE,Transaction successful,2026-08-08 12:04:45,12,Saturday,19,3,0,23,3648.14,0
pay_10324,338.62,INR,UPI,SUCCESS,SUCCESS,NONE,Transaction successful,2026-08-31 08:23:21,8,Monday,14,4,0,19,275.39,0
pay_10325,1055.82,INR,Credit Card,FAILED,NETWORK_OR_TIMEOUT,E_GATEWAY_TIMEOUT,Transaction failed due to code E_GATEWAY_TIMEOUT,2026-08-18 23:32:42,23,Tuesday,12,1,2,14,1119.49,1
pay_10326,5333.19,INR,UPI,SUCCESS,SUCCESS,NONE,Transaction successful,2026-08-11 10:29:05,10,Tuesday,13,3,0,17,5080.64,0
pay_10327,494.85,INR,UPI,SUCCESS,SUCCESS,NONE,Transaction successful,2026-09-03 08:11:33,8,Thursday,19,0,0,20,404.2,0
pay_10328,3516.76,INR,Net Banking,FAILED,CARD_ISSUE,E_CARD_EXPIRED,Transaction failed due to code E_CARD_EXPIRED,2026-08-29 14:01:48,14,Saturday,2,1,2,4,3797.14,0
pay_10329,4723.04,INR,Wallet,FAILED,CARD_ISSUE,E_CARD_EXPIRED,Transaction failed due to code E_CARD_EXPIRED,2026-08-17 03:39:48,3,Monday,18,3,2,22,3991.12,0
pay_10330,3190.84,INR,Credit Card,SUCCESS,SUCCESS,NONE,Transaction successful,2026-08-15 21:06:07,21,Saturday,19,0,0,20,3605.06,0
pay_10331,342.85,INR,UPI,SUCCESS,SUCCESS,NONE,Transaction successful,2026-08-06 03:16:36,3,Thursday,3,3,0,7,391.16,0
pay_10332,2905.08,INR,Credit Card,SUCCESS,SUCCESS,NONE,Transaction successful,2026-08-14 14:39:49,14,Friday,16,3,0,20,3001.3,0
pay_10333,13624.72,INR,Net Banking,SUCCESS,SUCCESS,NONE,Transaction successful,2026-08-12 20:35:07,20,Wednesday,4,2,0,7,13561.36,0
pay_10334,3494.39,INR,Credit Card,SUCCESS,SUCCESS,NONE,Transaction successful,2026-08-25 12:31:59,12,Tuesday,16,1,0,18,4024.11,0
pay_10335,2270.25,INR,Credit Card,SUCCESS,SUCCESS,NONE,Transaction successful,2026-08-13 10:15:58,10,Thursday,11,0,0,12,2125.69,0
pay_10336,600.28,INR,UPI,SUCCESS,SUCCESS,NONE,Transaction successful,2026-08-26 23:12:41,23,Wednesday,18,3,0,22,642.64,0
pay_10337,503.03,INR,UPI,FAILED,CARD_ISSUE,E_CARD_EXPIRED,Transaction failed due to code E_CARD_EXPIRED,2026-08-22 16:50:43,16,Saturday,1,2,3,4,552.04,0
pay_10338,1914.4,INR,Credit Card,SUCCESS,SUCCESS,NONE,Transaction successful,2026-08-28 19:32:31,19,Friday,11,1,0,13,2226.36,0
pay_10339,832.33,INR,Credit Card,SUCCESS,SUCCESS,NONE,Transaction successful,2026-08-18 02:37:35,2,Tuesday,16,2,0,19,731.15,0
pay_10340,2509.03,INR,UPI,SUCCESS,SUCCESS,NONE,Transaction successful,2026-08-07 00:44:23,0,Friday,5,0,0,6,2014.92,0
pay_10341,768.17,INR,UPI,SUCCESS,SUCCESS,NONE,Transaction successful,2026-08-07 18:23:39,18,Friday,9,2,0,12,628.17,0
pay_10342,963.71,INR,Debit Card,SUCCESS,SUCCESS,NONE,Transaction successful,2026-08-23 16:59:19,16,Sunday,18,2,0,21,966.57,0
pay_10343,5333.1,INR,Credit Card,SUCCESS,SUCCESS,NONE,Transaction successful,2026-08-10 04:08:33,4,Monday,10,4,0,15,6249.17,0
pay_10344,601.42,INR,UPI,SUCCESS,SUCCESS,NONE,Transaction successful,2026-08-22 23:42:01,23,Saturday,7,4,0,12,652.91,0
pay_10345,2490.63,INR,UPI,SUCCESS,SUCCESS,NONE,Transaction successful,2026-08-31 22:32:03,22,Monday,4,0,0,5,2626.52,0
pay_10346,281.22,INR,UPI,SUCCESS,SUCCESS,NONE,Transaction successful,2026-08-30 12:30:31,12,Sunday,17,1,0,19,237.85,0
pay_10347,1360.62,INR,Credit Card,SUCCESS,SUCCESS,NONE,Transaction successful,2026-08-28 22:37:15,22,Friday,7,3,0,11,1578.49,0
pay_10348,1444.79,INR,UPI,SUCCESS,SUCCESS,NONE,Transaction successful,2026-08-20 13:38:37,13,Thursday,8,1,0,10,1364.99,0
pay_10349,2401.42,INR,UPI,SUCCESS,SUCCESS,NONE,Transaction successful,2026-08-22 06:41:12,6,Saturday,8,0,0,9,2069.37,0
pay_10350,621.4,INR,Credit Card,SUCCESS,SUCCESS,NONE,Transaction successful,2026-08-10 03:12:56,3,Monday,2,1,0,4,500.03,0
pay_10351,1520.6,INR,UPI,SUCCESS,SUCCESS,NONE,Transaction successful,2026-08-24 23:17:01,23,Monday,4,4,0,9,1707.95,0
pay_10352,758.53,INR,Credit Card,SUCCESS,SUCCESS,NONE,Transaction successful,2026-08-20 10:39:10,10,Thursday,10,1,0,12,729.37,0
pay_10353,351.98,INR,Credit Card,FAILED,BANK_DECLINE,E_ISSUER_DECLINE,Transaction failed due to code E_ISSUER_DECLINE,2026-08-25 06:52:12,6,Tuesday,2,2,1,5,402.32,0
pay_10354,6361.32,INR,UPI,FAILED,INSUFFICIENT_FUNDS,E_INSUFFICIENT_FUNDS,Transaction failed due to code E_INSUFFICIENT_FUNDS,2026-08-29 21:54:38,21,Saturday,3,3,2,7,6840.72,1
pay_10355,1323.22,INR,UPI,SUCCESS,SUCCESS,NONE,Transaction successful,2026-08-16 06:07:57,6,Sunday,0,0,0,1,1559.62,0
pay_10356,1187.91,INR,Credit Card,SUCCESS,SUCCESS,NONE,Transaction successful,2026-08-04 21:19:04,21,Tuesday,10,2,0,13,1144.97,0
pay_10357,1082.07,INR,Credit Card,SUCCESS,SUCCESS,NONE,Transaction successful,2026-08-20 02:56:59,2,Thursday,15,3,0,19,1116.79,0
pay_10358,2200.68,INR,UPI,SUCCESS,SUCCESS,NONE,Transaction successful,2026-08-22 23:00:55,23,Saturday,4,2,0,7,2228.77,0
pay_10359,514.85,INR,UPI,SUCCESS,SUCCESS,NONE,Transaction successful,2026-08-19 04:13:42,4,Wednesday,18,1,0,20,476.38,0
pay_10360,547.67,INR,Credit Card,FAILED,INSUFFICIENT_FUNDS,E_INSUFFICIENT_FUNDS,Transaction failed due to code E_INSUFFICIENT_FUNDS,2026-08-12 21:19:28,21,Wednesday,4,2,1,7,632.76,1
pay_10361,2459.19,INR,Debit Card,SUCCESS,SUCCESS,NONE,Transaction successful,2026-08-20 03:38:59,3,Thursday,14,3,0,18,1997.78,0
pay_10362,8979.02,INR,Debit Card,SUCCESS,SUCCESS,NONE,Transaction successful,2026-08-21 13:24:47,13,Friday,1,4,0,6,9919.67,0
pay_10363,4634.15,INR,UPI,FAILED,NETWORK_OR_TIMEOUT,E_GATEWAY_TIMEOUT,Transaction failed due to code E_GATEWAY_TIMEOUT,2026-09-02 07:01:52,7,Wednesday,16,4,1,21,4342.1,1
pay_10364,937.63,INR,Wallet,SUCCESS,SUCCESS,NONE,Transaction successful,2026-08-09 05:50:21,5,Sunday,0,3,0,4,968.75,0
pay_10365,20547.09,INR,UPI,SUCCESS,SUCCESS,NONE,Transaction successful,2026-08-22 02:53:12,2,Saturday,18,4,0,23,24605.95,0
pay_10366,5457.23,INR,Credit Card,FAILED,BANK_DECLINE,E_ISSUER_DECLINE,Transaction failed due to code E_ISSUER_DECLINE,2026-08-06 17:55:59,17,Thursday,7,3,2,11,6226.83,0
pay_10367,3252.32,INR,Net Banking,FAILED,CUSTOMER_ABANDONMENT,E_USER_CANCELLED,Transaction failed due to code E_USER_CANCELLED,2026-08-31 08:30:45,8,Monday,12,3,2,16,2651.27,0
pay_10368,3574.68,INR,Credit Card,FAILED,CARD_ISSUE,E_CARD_EXPIRED,Transaction failed due to code E_CARD_EXPIRED,2026-08-10 20:16:59,20,Monday,11,0,1,12,4216.85,0
pay_10369,1948.23,INR,UPI,SUCCESS,SUCCESS,NONE,Transaction successful,2026-08-17 22:11:34,22,Monday,3,2,0,6,1716.95,0
pay_10370,3736.59,INR,UPI,FAILED,CARD_ISSUE,E_CARD_EXPIRED,Transaction failed due to code E_CARD_EXPIRED,2026-08-31 04:43:45,4,Monday,18,4,0,23,4455.12,0
pay_10371,1458.87,INR,Debit Card,SUCCESS,SUCCESS,NONE,Transaction successful,2026-09-02 20:10:13,20,Wednesday,12,2,0,15,1284.08,0
pay_10372,439.27,INR,Net Banking,FAILED,RISK_OR_FRAUD,E_FRAUD_SUSPECTED,Transaction failed due to code E_FRAUD_SUSPECTED,2026-09-01 00:32:07,0,Tuesday,5,2,2,8,430.19,0
pay_10373,1935.58,INR,Credit Card,FAILED,NETWORK_OR_TIMEOUT,E_GATEWAY_TIMEOUT,Transaction failed due to code E_GATEWAY_TIMEOUT,2026-09-03 13:57:41,13,Thursday,10,2,1,13,2084.64,1
pay_10374,510.93,INR,UPI,FAILED,CARD_ISSUE,E_CARD_EXPIRED,Transaction failed due to code E_CARD_EXPIRED,2026-08-20 10:48:38,10,Thursday,14,2,2,17,612.67,0
pay_10375,2973.87,INR,Debit Card,SUCCESS,SUCCESS,NONE,Transaction successful,2026-08-22 19:17:40,19,Saturday,0,3,0,4,3371.35,0
pay_10376,3522.27,INR,UPI,FAILED,INVALID_PAYMENT_DETAILS,E_INVALID_CVV,Transaction failed due to code E_INVALID_CVV,2026-08-29 10:55:26,10,Saturday,0,3,0,4,3804.1,0
pay_10377,425.67,INR,UPI,SUCCESS,SUCCESS,NONE,Transaction successful,2026-08-29 04:58:00,4,Saturday,3,2,0,6,399.93,0
pay_10378,444.14,INR,Debit Card,SUCCESS,SUCCESS,NONE,Transaction successful,2026-08-25 16:27:15,16,Tuesday,12,4,0,17,373.24,0
pay_10379,5230.33,INR,Credit Card,FAILED,NETWORK_OR_TIMEOUT,E_GATEWAY_TIMEOUT,Transaction failed due to code E_GATEWAY_TIMEOUT,2026-08-18 11:39:04,11,Tuesday,1,1,3,3,5669.91,1
pay_10380,2897.94,INR,UPI,SUCCESS,SUCCESS,NONE,Transaction successful,2026-08-10 15:06:00,15,Monday,7,2,0,10,2343.89,0
pay_10381,2338.22,INR,Debit Card,SUCCESS,SUCCESS,NONE,Transaction successful,2026-08-12 06:14:31,6,Wednesday,12,4,0,17,2071.32,0
pay_10382,1495.16,INR,Debit Card,FAILED,BANK_DECLINE,E_ISSUER_DECLINE,Transaction failed due to code E_ISSUER_DECLINE,2026-08-21 17:33:09,17,Friday,9,1,1,11,1687.4,0
pay_10383,2172.28,INR,Credit Card,SUCCESS,SUCCESS,NONE,Transaction successful,2026-08-18 17:03:36,17,Tuesday,19,4,0,24,2436.39,0
pay_10384,2160.2,INR,Credit Card,FAILED,NETWORK_OR_TIMEOUT,E_GATEWAY_TIMEOUT,Transaction failed due to code E_GATEWAY_TIMEOUT,2026-08-19 11:50:27,11,Wednesday,13,1,3,15,1843.8,1
pay_10385,2632.64,INR,UPI,SUCCESS,SUCCESS,NONE,Transaction successful,2026-09-03 10:22:58,10,Thursday,16,1,0,18,2930.67,0
pay_10386,3288.5,INR,Credit Card,SUCCESS,SUCCESS,NONE,Transaction successful,2026-08-15 13:41:27,13,Saturday,17,0,0,18,3078.52,0
pay_10387,7202.28,INR,UPI,SUCCESS,SUCCESS,NONE,Transaction successful,2026-08-15 18:56:18,18,Saturday,0,2,0,3,6540.8,0
pay_10388,4774.19,INR,UPI,FAILED,BANK_DECLINE,E_ISSUER_DECLINE,Transaction failed due to code E_ISSUER_DECLINE,2026-08-18 03:19:33,3,Tuesday,15,3,1,19,5108.65,0
pay_10389,458.31,INR,UPI,SUCCESS,SUCCESS,NONE,Transaction successful,2026-08-13 10:24:19,10,Thursday,9,4,0,14,497.37,0
pay_10390,2894.42,INR,Wallet,SUCCESS,SUCCESS,NONE,Transaction successful,2026-08-19 09:10:58,9,Wednesday,3,0,0,4,2660.61,0
pay_10391,428.35,INR,Debit Card,FAILED,INSUFFICIENT_FUNDS,E_INSUFFICIENT_FUNDS,Transaction failed due to code E_INSUFFICIENT_FUNDS,2026-09-03 05:48:50,5,Thursday,15,3,1,19,491.03,1
pay_10392,1765.51,INR,UPI,FAILED,INSUFFICIENT_FUNDS,E_INSUFFICIENT_FUNDS,Transaction failed due to code E_INSUFFICIENT_FUNDS,2026-08-31 16:27:48,16,Monday,8,4,2,13,1706.55,1
pay_10393,4467.46,INR,Net Banking,SUCCESS,SUCCESS,NONE,Transaction successful,2026-08-08 15:56:54,15,Saturday,5,2,0,8,4879.35,0
pay_10394,2758.27,INR,Debit Card,SUCCESS,SUCCESS,NONE,Transaction successful,2026-08-10 11:50:37,11,Monday,1,0,0,2,2357.33,0
pay_10395,2786.3,INR,Debit Card,FAILED,INSUFFICIENT_FUNDS,E_INSUFFICIENT_FUNDS,Transaction failed due to code E_INSUFFICIENT_FUNDS,2026-08-14 12:19:30,12,Friday,7,0,3,8,3221.2,1
pay_10396,997.12,INR,UPI,FAILED,INVALID_PAYMENT_DETAILS,E_INVALID_CVV,Transaction failed due to code E_INVALID_CVV,2026-08-28 06:55:43,6,Friday,11,4,0,16,1072.12,0
pay_10397,842.31,INR,Net Banking,SUCCESS,SUCCESS,NONE,Transaction successful,2026-08-23 07:35:20,7,Sunday,3,1,0,5,684.43,0
pay_10398,3481.41,INR,UPI,SUCCESS,SUCCESS,NONE,Transaction successful,2026-08-24 19:50:04,19,Monday,10,0,0,11,4126.86,0
pay_10399,1979.89,INR,Credit Card,SUCCESS,SUCCESS,NONE,Transaction successful,2026-08-21 14:39:06,14,Friday,15,0,0,16,1996.76,0
pay_10400,9475.69,INR,UPI,SUCCESS,SUCCESS,NONE,Transaction successful,2026-08-21 21:26:03,21,Friday,14,0,0,15,8036.17,0
pay_10401,921.7,INR,UPI,SUCCESS,SUCCESS,NONE,Transaction successful,2026-08-21 13:59:07,13,Friday,6,3,0,10,974.0,0
pay_10402,2263.7,INR,Credit Card,FAILED,INVALID_PAYMENT_DETAILS,E_INVALID_CVV,Transaction failed due to code E_INVALID_CVV,2026-08-31 01:23:15,1,Monday,10,0,0,11,2359.81,0
pay_10403,1010.26,INR,UPI,FAILED,NETWORK_OR_TIMEOUT,E_GATEWAY_TIMEOUT,Transaction failed due to code E_GATEWAY_TIMEOUT,2026-08-13 16:52:10,16,Thursday,1,1,0,3,1003.83,1
pay_10404,3590.31,INR,Credit Card,SUCCESS,SUCCESS,NONE,Transaction successful,2026-08-15 23:38:56,23,Saturday,7,0,0,8,3215.71,0
pay_10405,2041.48,INR,Credit Card,FAILED,INSUFFICIENT_FUNDS,E_INSUFFICIENT_FUNDS,Transaction failed due to code E_INSUFFICIENT_FUNDS,2026-08-07 16:00:01,16,Friday,16,2,0,19,2225.73,1
pay_10406,2567.21,INR,Net Banking,FAILED,AUTHENTICATION_FAILURE,E_3DS_FAILED,Transaction failed due to code E_3DS_FAILED,2026-08-30 06:38:07,6,Sunday,12,4,2,17,2595.21,1
pay_10407,6072.37,INR,UPI,SUCCESS,SUCCESS,NONE,Transaction successful,2026-08-16 15:47:13,15,Sunday,16,3,0,20,5677.28,0
pay_10408,3377.29,INR,Credit Card,SUCCESS,SUCCESS,NONE,Transaction successful,2026-08-08 18:24:21,18,Saturday,17,1,0,19,2900.83,0
pay_10409,169.68,INR,Credit Card,SUCCESS,SUCCESS,NONE,Transaction successful,2026-08-24 23:02:25,23,Monday,0,1,0,2,156.24,0
pay_10410,3729.15,INR,UPI,SUCCESS,SUCCESS,NONE,Transaction successful,2026-08-24 09:07:48,9,Monday,5,1,0,7,3799.05,0
pay_10411,647.07,INR,Credit Card,SUCCESS,SUCCESS,NONE,Transaction successful,2026-08-20 23:20:25,23,Thursday,7,3,0,11,750.0,0
pay_10412,2954.82,INR,UPI,SUCCESS,SUCCESS,NONE,Transaction successful,2026-08-13 08:14:59,8,Thursday,11,0,0,12,2596.61,0
pay_10413,7711.86,INR,Wallet,SUCCESS,SUCCESS,NONE,Transaction successful,2026-08-08 14:30:12,14,Saturday,10,4,0,15,7517.51,0
pay_10414,2400.8,INR,UPI,SUCCESS,SUCCESS,NONE,Transaction successful,2026-08-18 06:09:48,6,Tuesday,5,3,0,9,2717.12,0
pay_10415,3443.06,INR,UPI,FAILED,BANK_DECLINE,E_ISSUER_DECLINE,Transaction failed due to code E_ISSUER_DECLINE,2026-08-08 02:47:35,2,Saturday,1,4,1,6,3930.9,0
pay_10416,3857.99,INR,UPI,SUCCESS,SUCCESS,NONE,Transaction successful,2026-09-03 05:48:04,5,Thursday,6,0,0,7,3337.47,0
pay_10417,2231.51,INR,Debit Card,SUCCESS,SUCCESS,NONE,Transaction successful,2026-08-30 19:09:22,19,Sunday,9,3,0,13,2103.89,0
pay_10418,6665.79,INR,UPI,SUCCESS,SUCCESS,NONE,Transaction successful,2026-09-02 06:04:17,6,Wednesday,9,3,0,13,5806.94,0
pay_10419,1957.39,INR,Debit Card,SUCCESS,SUCCESS,NONE,Transaction successful,2026-08-25 14:22:11,14,Tuesday,12,4,0,17,1658.69,0
pay_10420,1002.3,INR,UPI,FAILED,BANK_DECLINE,E_ISSUER_DECLINE,Transaction failed due to code E_ISSUER_DECLINE,2026-09-02 19:17:37,19,Wednesday,6,0,0,7,1056.6,0
pay_10421,387.76,INR,UPI,FAILED,AUTHENTICATION_FAILURE,E_3DS_FAILED,Transaction failed due to code E_3DS_FAILED,2026-08-08 22:47:53,22,Saturday,16,1,1,18,464.14,1
pay_10422,1370.72,INR,Credit Card,SUCCESS,SUCCESS,NONE,Transaction successful,2026-09-01 18:23:04,18,Tuesday,17,0,0,18,1201.62,0
pay_10423,6409.89,INR,UPI,FAILED,NETWORK_OR_TIMEOUT,E_GATEWAY_TIMEOUT,Transaction failed due to code E_GATEWAY_TIMEOUT,2026-08-09 14:03:44,14,Sunday,0,0,0,1,5507.83,1
pay_10424,2995.07,INR,UPI,SUCCESS,SUCCESS,NONE,Transaction successful,2026-09-01 21:41:15,21,Tuesday,18,4,0,23,3015.08,0
pay_10425,3705.08,INR,UPI,SUCCESS,SUCCESS,NONE,Transaction successful,2026-08-30 02:33:22,2,Sunday,6,1,0,8,4286.86,0
pay_10426,1509.44,INR,Debit Card,SUCCESS,SUCCESS,NONE,Transaction successful,2026-08-15 09:40:26,9,Saturday,19,4,0,24,1564.46,0
pay_10427,664.9,INR,UPI,SUCCESS,SUCCESS,NONE,Transaction successful,2026-08-31 10:23:25,10,Monday,13,0,0,14,628.82,0
pay_10428,1024.75,INR,Net Banking,SUCCESS,SUCCESS,NONE,Transaction successful,2026-08-06 17:58:15,17,Thursday,7,4,0,12,1117.69,0
pay_10429,3867.01,INR,UPI,SUCCESS,SUCCESS,NONE,Transaction successful,2026-09-01 23:28:58,23,Tuesday,16,4,0,21,3530.54,0
pay_10430,1534.46,INR,UPI,SUCCESS,SUCCESS,NONE,Transaction successful,2026-08-05 06:23:43,6,Wednesday,5,4,0,10,1671.41,0
pay_10431,709.61,INR,UPI,SUCCESS,SUCCESS,NONE,Transaction successful,2026-08-20 20:14:03,20,Thursday,2,2,0,5,582.42,0
pay_10432,680.26,INR,UPI,SUCCESS,SUCCESS,NONE,Transaction successful,2026-08-18 13:52:41,13,Tuesday,14,0,0,15,775.07,0
pay_10433,1523.18,INR,UPI,FAILED,CARD_ISSUE,E_CARD_EXPIRED,Transaction failed due to code E_CARD_EXPIRED,2026-08-09 15:36:20,15,Sunday,13,0,2,14,1444.55,0
pay_10434,5955.44,INR,Debit Card,SUCCESS,SUCCESS,NONE,Transaction successful,2026-08-28 17:14:05,17,Friday,7,0,0,8,5671.22,0
pay_10435,1488.09,INR,Debit Card,SUCCESS,SUCCESS,NONE,Transaction successful,2026-08-12 19:39:02,19,Wednesday,8,0,0,9,1757.27,0
pay_10436,258.37,INR,UPI,SUCCESS,SUCCESS,NONE,Transaction successful,2026-08-20 18:32:05,18,Thursday,4,0,0,5,259.8,0
pay_10437,1927.72,INR,UPI,SUCCESS,SUCCESS,NONE,Transaction successful,2026-08-19 23:34:55,23,Wednesday,1,2,0,4,2161.76,0
pay_10438,475.36,INR,UPI,SUCCESS,SUCCESS,NONE,Transaction successful,2026-08-22 17:19:48,17,Saturday,1,2,0,4,390.16,0
pay_10439,533.37,INR,UPI,FAILED,RISK_OR_FRAUD,E_FRAUD_SUSPECTED,Transaction failed due to code E_FRAUD_SUSPECTED,2026-08-10 00:19:22,0,Monday,16,3,2,20,569.86,0
pay_10440,1578.76,INR,Credit Card,SUCCESS,SUCCESS,NONE,Transaction successful,2026-08-27 14:00:39,14,Thursday,14,3,0,18,1759.5,0
pay_10441,3464.82,INR,UPI,SUCCESS,SUCCESS,NONE,Transaction successful,2026-08-11 03:46:50,3,Tuesday,13,1,0,15,3625.47,0
pay_10442,4783.21,INR,UPI,SUCCESS,SUCCESS,NONE,Transaction successful,2026-08-23 22:05:02,22,Sunday,18,0,0,19,4848.82,0
pay_10443,2095.32,INR,UPI,SUCCESS,SUCCESS,NONE,Transaction successful,2026-08-16 15:38:35,15,Sunday,5,4,0,10,2482.13,0
pay_10444,3283.0,INR,Wallet,SUCCESS,SUCCESS,NONE,Transaction successful,2026-08-12 21:13:42,21,Wednesday,9,0,0,10,2832.93,0
pay_10445,1076.89,INR,UPI,FAILED,BANK_DECLINE,E_ISSUER_DECLINE,Transaction failed due to code E_ISSUER_DECLINE,2026-08-20 14:37:34,14,Thursday,6,2,3,9,1227.95,0
pay_10446,10180.4,INR,Credit Card,SUCCESS,SUCCESS,NONE,Transaction successful,2026-08-26 13:10:02,13,Wednesday,0,0,0,1,8224.93,0
pay_10447,1388.54,INR,UPI,SUCCESS,SUCCESS,NONE,Transaction successful,2026-08-30 16:03:14,16,Sunday,0,4,0,5,1517.78,0
pay_10448,1446.0,INR,UPI,SUCCESS,SUCCESS,NONE,Transaction successful,2026-09-01 08:42:25,8,Tuesday,17,0,0,18,1553.26,0
pay_10449,1160.38,INR,UPI,FAILED,AUTHENTICATION_FAILURE,E_3DS_FAILED,Transaction failed due to code E_3DS_FAILED,2026-09-02 14:27:41,14,Wednesday,6,2,1,9,1292.79,1
pay_10450,2447.63,INR,Wallet,SUCCESS,SUCCESS,NONE,Transaction successful,2026-08-07 14:25:18,14,Friday,9,0,0,10,2917.94,0
pay_10451,324.72,INR,Credit Card,FAILED,INSUFFICIENT_FUNDS,E_INSUFFICIENT_FUNDS,Transaction failed due to code E_INSUFFICIENT_FUNDS,2026-09-02 15:12:56,15,Wednesday,8,4,1,13,284.43,1
pay_10452,2331.78,INR,UPI,SUCCESS,SUCCESS,NONE,Transaction successful,2026-08-13 06:55:35,6,Thursday,2,1,0,4,2347.44,0
pay_10453,3519.24,INR,Credit Card,SUCCESS,SUCCESS,NONE,Transaction successful,2026-08-29 20:16:00,20,Saturday,10,2,0,13,2921.79,0
pay_10454,7711.52,INR,UPI,SUCCESS,SUCCESS,NONE,Transaction successful,2026-08-18 02:46:04,2,Tuesday,18,3,0,22,6453.29,0
pay_10455,2165.11,INR,Credit Card,SUCCESS,SUCCESS,NONE,Transaction successful,2026-08-13 05:15:37,5,Thursday,9,0,0,10,2344.06,0
pay_10456,2504.07,INR,UPI,SUCCESS,SUCCESS,NONE,Transaction successful,2026-09-02 22:32:58,22,Wednesday,1,4,0,6,2177.62,0
pay_10457,461.26,INR,UPI,SUCCESS,SUCCESS,NONE,Transaction successful,2026-08-24 14:07:01,14,Monday,18,4,0,23,406.39,0
pay_10458,2364.32,INR,Debit Card,SUCCESS,SUCCESS,NONE,Transaction successful,2026-08-25 18:49:51,18,Tuesday,0,0,0,1,2256.14,0
pay_10459,7032.64,INR,Credit Card,FAILED,BANK_DECLINE,E_ISSUER_DECLINE,Transaction failed due to code E_ISSUER_DECLINE,2026-08-14 13:11:37,13,Friday,13,1,0,15,7706.11,0
pay_10460,754.12,INR,Credit Card,FAILED,CARD_ISSUE,E_CARD_EXPIRED,Transaction failed due to code E_CARD_EXPIRED,2026-08-29 21:54:48,21,Saturday,14,3,3,18,734.33,0
pay_10461,3363.39,INR,UPI,SUCCESS,SUCCESS,NONE,Transaction successful,2026-09-02 20:35:58,20,Wednesday,10,0,0,11,3593.01,0
pay_10462,3167.17,INR,UPI,FAILED,INSUFFICIENT_FUNDS,E_INSUFFICIENT_FUNDS,Transaction failed due to code E_INSUFFICIENT_FUNDS,2026-08-07 06:03:19,6,Friday,14,0,3,15,2805.36,1
pay_10463,939.54,INR,UPI,SUCCESS,SUCCESS,NONE,Transaction successful,2026-08-05 23:53:02,23,Wednesday,17,2,0,20,832.56,0
pay_10464,2422.64,INR,Credit Card,FAILED,INVALID_PAYMENT_DETAILS,E_INVALID_CVV,Transaction failed due to code E_INVALID_CVV,2026-08-11 03:42:12,3,Tuesday,18,3,1,22,2841.96,0
pay_10465,2114.55,INR,UPI,SUCCESS,SUCCESS,NONE,Transaction successful,2026-09-02 03:44:00,3,Wednesday,13,2,0,16,2343.55,0
pay_10466,1544.34,INR,UPI,SUCCESS,SUCCESS,NONE,Transaction successful,2026-08-16 22:00:47,22,Sunday,0,4,0,5,1647.17,0
pay_10467,4020.7,INR,Credit Card,FAILED,AUTHENTICATION_FAILURE,E_3DS_FAILED,Transaction failed due to code E_3DS_FAILED,2026-08-22 19:16:03,19,Saturday,7,3,1,11,4077.03,1
pay_10468,539.84,INR,Debit Card,FAILED,CARD_ISSUE,E_CARD_EXPIRED,Transaction failed due to code E_CARD_EXPIRED,2026-08-26 18:34:48,18,Wednesday,12,3,2,16,559.32,0
pay_10469,1459.07,INR,Credit Card,SUCCESS,SUCCESS,NONE,Transaction successful,2026-08-22 05:26:18,5,Saturday,0,2,0,3,1406.35,0
pay_10470,2811.79,INR,UPI,SUCCESS,SUCCESS,NONE,Transaction successful,2026-08-20 05:25:48,5,Thursday,4,0,0,5,2458.23,0
pay_10471,2878.24,INR,Net Banking,SUCCESS,SUCCESS,NONE,Transaction successful,2026-08-20 09:46:13,9,Thursday,2,3,0,6,2635.53,0
pay_10472,1076.96,INR,UPI,SUCCESS,SUCCESS,NONE,Transaction successful,2026-08-22 10:41:50,10,Saturday,19,0,0,20,1218.31,0
pay_10473,758.56,INR,Debit Card,SUCCESS,SUCCESS,NONE,Transaction successful,2026-08-15 20:51:07,20,Saturday,9,0,0,10,760.27,0
pay_10474,7230.67,INR,Net Banking,FAILED,INSUFFICIENT_FUNDS,E_INSUFFICIENT_FUNDS,Transaction failed due to code E_INSUFFICIENT_FUNDS,2026-08-06 02:59:23,2,Thursday,2,0,0,3,8268.46,1
pay_10475,2974.8,INR,Debit Card,SUCCESS,SUCCESS,NONE,Transaction successful,2026-08-22 20:58:53,20,Saturday,8,4,0,13,2926.24,0
pay_10476,1473.72,INR,Debit Card,SUCCESS,SUCCESS,NONE,Transaction successful,2026-08-06 13:50:34,13,Thursday,12,0,0,13,1615.57,0
pay_10477,5118.93,INR,Credit Card,SUCCESS,SUCCESS,NONE,Transaction successful,2026-08-23 01:34:26,1,Sunday,0,0,0,1,4943.25,0
pay_10478,3445.78,INR,Net Banking,SUCCESS,SUCCESS,NONE,Transaction successful,2026-08-24 15:41:36,15,Monday,18,3,0,22,2919.84,0
pay_10479,745.31,INR,UPI,SUCCESS,SUCCESS,NONE,Transaction successful,2026-08-10 09:41:01,9,Monday,18,3,0,22,766.75,0
pay_10480,10866.19,INR,UPI,FAILED,NETWORK_OR_TIMEOUT,E_GATEWAY_TIMEOUT,Transaction failed due to code E_GATEWAY_TIMEOUT,2026-08-16 06:57:56,6,Sunday,14,1,3,16,9439.22,1
pay_10481,1883.43,INR,UPI,SUCCESS,SUCCESS,NONE,Transaction successful,2026-08-25 01:23:56,1,Tuesday,15,4,0,20,2031.56,0
pay_10482,1861.48,INR,Net Banking,FAILED,BANK_DECLINE,E_ISSUER_DECLINE,Transaction failed due to code E_ISSUER_DECLINE,2026-08-17 19:17:10,19,Monday,4,1,0,6,2156.1,0
pay_10483,721.38,INR,Credit Card,FAILED,AUTHENTICATION_FAILURE,E_3DS_FAILED,Transaction failed due to code E_3DS_FAILED,2026-08-20 21:51:39,21,Thursday,2,4,2,7,758.44,1
pay_10484,3066.95,INR,UPI,FAILED,NETWORK_OR_TIMEOUT,E_GATEWAY_TIMEOUT,Transaction failed due to code E_GATEWAY_TIMEOUT,2026-08-15 06:48:47,6,Saturday,0,4,3,5,3461.22,1
pay_10485,4783.97,INR,Credit Card,FAILED,BANK_DECLINE,E_ISSUER_DECLINE,Transaction failed due to code E_ISSUER_DECLINE,2026-08-22 05:05:48,5,Saturday,18,1,2,20,4601.35,0
pay_10486,1805.79,INR,UPI,SUCCESS,SUCCESS,NONE,Transaction successful,2026-09-01 12:04:52,12,Tuesday,7,1,0,9,2096.0,0
pay_10487,718.73,INR,UPI,SUCCESS,SUCCESS,NONE,Transaction successful,2026-08-24 10:32:44,10,Monday,14,0,0,15,788.61,0
pay_10488,4858.5,INR,Credit Card,SUCCESS,SUCCESS,NONE,Transaction successful,2026-08-17 17:07:51,17,Monday,1,4,0,6,5448.93,0
pay_10489,1570.57,INR,Wallet,SUCCESS,SUCCESS,NONE,Transaction successful,2026-08-27 19:55:29,19,Thursday,2,2,0,5,1300.43,0
pay_10490,3416.26,INR,Credit Card,SUCCESS,SUCCESS,NONE,Transaction successful,2026-09-02 11:58:37,11,Wednesday,19,2,0,22,3630.43,0
pay_10491,3234.07,INR,UPI,SUCCESS,SUCCESS,NONE,Transaction successful,2026-08-20 05:57:12,5,Thursday,16,0,0,17,2594.13,0
pay_10492,4230.42,INR,Debit Card,SUCCESS,SUCCESS,NONE,Transaction successful,2026-09-01 21:41:25,21,Tuesday,3,0,0,4,4372.08,0
pay_10493,3957.69,INR,Debit Card,SUCCESS,SUCCESS,NONE,Transaction successful,2026-08-17 23:53:01,23,Monday,19,0,0,20,3189.31,0
pay_10494,730.59,INR,Debit Card,SUCCESS,SUCCESS,NONE,Transaction successful,2026-08-23 07:24:02,7,Sunday,5,4,0,10,630.84,0
pay_10495,896.79,INR,Credit Card,SUCCESS,SUCCESS,NONE,Transaction successful,2026-08-31 19:49:31,19,Monday,3,1,0,5,925.06,0
pay_10496,2651.84,INR,UPI,SUCCESS,SUCCESS,NONE,Transaction successful,2026-08-19 00:35:44,0,Wednesday,10,2,0,13,2318.1,0
pay_10497,2439.3,INR,Net Banking,FAILED,BANK_DECLINE,E_ISSUER_DECLINE,Transaction failed due to code E_ISSUER_DECLINE,2026-08-28 07:53:56,7,Friday,15,0,2,16,2521.91,0
pay_10498,508.67,INR,UPI,SUCCESS,SUCCESS,NONE,Transaction successful,2026-09-02 13:38:21,13,Wednesday,16,0,0,17,460.66,0
pay_10499,7145.01,INR,Credit Card,SUCCESS,SUCCESS,NONE,Transaction successful,2026-08-19 06:07:51,6,Wednesday,13,4,0,18,7587.17,0
pay_10500,4489.88,INR,UPI,FAILED,INVALID_PAYMENT_DETAILS,E_INVALID_CVV,Transaction failed due to code E_INVALID_CVV,2026-08-25 17:31:23,17,Tuesday,5,3,2,9,4981.36,0
pay_10501,3594.21,INR,UPI,SUCCESS,SUCCESS,NONE,Transaction successful,2026-08-26 06:18:38,6,Wednesday,5,4,0,10,4139.36,0
pay_10502,847.29,INR,Credit Card,SUCCESS,SUCCESS,NONE,Transaction successful,2026-09-01 23:40:22,23,Tuesday,13,2,0,16,852.1,0
pay_10503,3481.68,INR,UPI,SUCCESS,SUCCESS,NONE,Transaction successful,2026-08-15 15:24:12,15,Saturday,7,2,0,10,3917.19,0
pay_10504,3217.57,INR,Wallet,FAILED,CARD_ISSUE,E_CARD_EXPIRED,Transaction failed due to code E_CARD_EXPIRED,2026-08-28 13:23:29,13,Friday,9,2,2,12,3858.03,0
pay_10505,841.02,INR,UPI,SUCCESS,SUCCESS,NONE,Transaction successful,2026-08-07 14:33:23,14,Friday,2,3,0,6,972.79,0
pay_10506,4879.15,INR,UPI,SUCCESS,SUCCESS,NONE,Transaction successful,2026-08-06 00:20:36,0,Thursday,15,4,0,20,4356.14,0
pay_10507,186.21,INR,Debit Card,FAILED,INSUFFICIENT_FUNDS,E_INSUFFICIENT_FUNDS,Transaction failed due to code E_INSUFFICIENT_FUNDS,2026-08-09 20:21:59,20,Sunday,10,1,2,12,190.93,1
pay_10508,2599.5,INR,Net Banking,SUCCESS,SUCCESS,NONE,Transaction successful,2026-08-05 19:17:20,19,Wednesday,3,4,0,8,2743.33,0
pay_10509,3451.3,INR,Credit Card,SUCCESS,SUCCESS,NONE,Transaction successful,2026-09-01 10:56:33,10,Tuesday,15,2,0,18,3959.9,0
pay_10510,1341.57,INR,UPI,SUCCESS,SUCCESS,NONE,Transaction successful,2026-08-22 17:35:14,17,Saturday,4,2,0,7,1311.01,0
pay_10511,1853.78,INR,Net Banking,SUCCESS,SUCCESS,NONE,Transaction successful,2026-08-16 02:11:44,2,Sunday,13,2,0,16,2186.87,0
pay_10512,4621.89,INR,UPI,SUCCESS,SUCCESS,NONE,Transaction successful,2026-08-22 14:13:00,14,Saturday,10,4,0,15,4865.27,0
pay_10513,289.81,INR,Credit Card,SUCCESS,SUCCESS,NONE,Transaction successful,2026-08-14 16:51:43,16,Friday,18,0,0,19,305.57,0
pay_10514,2436.37,INR,UPI,SUCCESS,SUCCESS,NONE,Transaction successful,2026-08-07 17:18:58,17,Friday,17,0,0,18,2765.15,0
pay_10515,615.01,INR,UPI,SUCCESS,SUCCESS,NONE,Transaction successful,2026-09-01 03:15:35,3,Tuesday,10,3,0,14,603.91,0
pay_10516,3043.52,INR,Net Banking,SUCCESS,SUCCESS,NONE,Transaction successful,2026-08-22 14:21:06,14,Saturday,12,4,0,17,3146.39,0
pay_10517,4636.29,INR,Credit Card,SUCCESS,SUCCESS,NONE,Transaction successful,2026-08-26 04:54:04,4,Wednesday,7,3,0,11,4367.25,0
pay_10518,283.47,INR,UPI,SUCCESS,SUCCESS,NONE,Transaction successful,2026-08-28 17:26:54,17,Friday,16,3,0,20,326.67,0
pay_10519,5512.13,INR,Credit Card,SUCCESS,SUCCESS,NONE,Transaction successful,2026-08-19 07:39:41,7,Wednesday,14,2,0,17,6035.62,0
pay_10520,994.0,INR,Debit Card,SUCCESS,SUCCESS,NONE,Transaction successful,2026-08-13 00:27:05,0,Thursday,4,1,0,6,1070.03,0
pay_10521,2459.8,INR,Credit Card,FAILED,INSUFFICIENT_FUNDS,E_INSUFFICIENT_FUNDS,Transaction failed due to code E_INSUFFICIENT_FUNDS,2026-08-21 18:27:17,18,Friday,6,4,3,11,2927.5,1
pay_10522,4395.32,INR,Net Banking,SUCCESS,SUCCESS,NONE,Transaction successful,2026-08-27 19:33:40,19,Thursday,13,2,0,16,4904.14,0
pay_10523,1495.57,INR,UPI,SUCCESS,SUCCESS,NONE,Transaction successful,2026-08-21 16:02:57,16,Friday,5,1,0,7,1241.22,0
pay_10524,1592.67,INR,Credit Card,SUCCESS,SUCCESS,NONE,Transaction successful,2026-08-29 17:09:08,17,Saturday,7,3,0,11,1451.48,0
pay_10525,4152.35,INR,UPI,SUCCESS,SUCCESS,NONE,Transaction successful,2026-09-01 06:57:02,6,Tuesday,9,3,0,13,3912.04,0
pay_10526,2952.1,INR,UPI,SUCCESS,SUCCESS,NONE,Transaction successful,2026-08-31 19:55:07,19,Monday,3,1,0,5,2766.29,0
pay_10527,5149.89,INR,UPI,FAILED,NETWORK_OR_TIMEOUT,E_GATEWAY_TIMEOUT,Transaction failed due to code E_GATEWAY_TIMEOUT,2026-08-12 18:58:00,18,Wednesday,4,1,1,6,5161.24,1
pay_10528,538.94,INR,Credit Card,SUCCESS,SUCCESS,NONE,Transaction successful,2026-08-14 18:36:22,18,Friday,16,0,0,17,530.23,0
pay_10529,1064.88,INR,Debit Card,SUCCESS,SUCCESS,NONE,Transaction successful,2026-08-21 11:53:04,11,Friday,1,0,0,2,933.14,0
pay_10530,1215.68,INR,Credit Card,FAILED,RISK_OR_FRAUD,E_FRAUD_SUSPECTED,Transaction failed due to code E_FRAUD_SUSPECTED,2026-09-01 14:56:02,14,Tuesday,14,4,2,19,1453.69,0
pay_10531,5657.29,INR,UPI,SUCCESS,SUCCESS,NONE,Transaction successful,2026-08-19 13:28:43,13,Wednesday,15,0,0,16,5640.47,0
pay_10532,1800.16,INR,Debit Card,SUCCESS,SUCCESS,NONE,Transaction successful,2026-08-08 10:46:21,10,Saturday,15,1,0,17,1528.86,0
pay_10533,3147.72,INR,UPI,SUCCESS,SUCCESS,NONE,Transaction successful,2026-08-13 13:54:30,13,Thursday,12,4,0,17,3716.13,0
pay_10534,632.42,INR,Credit Card,SUCCESS,SUCCESS,NONE,Transaction successful,2026-08-15 06:31:11,6,Saturday,13,3,0,17,751.37,0
pay_10535,6882.51,INR,Debit Card,SUCCESS,SUCCESS,NONE,Transaction successful,2026-08-10 14:30:09,14,Monday,5,3,0,9,5961.09,0
pay_10536,4964.84,INR,Credit Card,FAILED,CARD_ISSUE,E_CARD_EXPIRED,Transaction failed due to code E_CARD_EXPIRED,2026-08-19 22:31:08,22,Wednesday,5,0,0,6,5532.11,0
pay_10537,878.55,INR,Net Banking,SUCCESS,SUCCESS,NONE,Transaction successful,2026-08-26 02:08:54,2,Wednesday,16,2,0,19,999.83,0
pay_10538,4123.19,INR,UPI,SUCCESS,SUCCESS,NONE,Transaction successful,2026-08-26 06:24:52,6,Wednesday,19,3,0,23,3299.63,0
pay_10539,5263.45,INR,Debit Card,SUCCESS,SUCCESS,NONE,Transaction successful,2026-08-23 08:52:26,8,Sunday,16,3,0,20,5175.71,0
pay_10540,1231.65,INR,UPI,SUCCESS,SUCCESS,NONE,Transaction successful,2026-08-17 15:36:49,15,Monday,13,2,0,16,1102.65,0
pay_10541,6126.75,INR,Credit Card,FAILED,NETWORK_OR_TIMEOUT,E_GATEWAY_TIMEOUT,Transaction failed due to code E_GATEWAY_TIMEOUT,2026-08-28 12:05:59,12,Friday,1,1,2,3,6158.42,1
pay_10542,3194.19,INR,Net Banking,SUCCESS,SUCCESS,NONE,Transaction successful,2026-08-24 19:25:07,19,Monday,17,4,0,22,3417.02,0
pay_10543,3748.11,INR,UPI,SUCCESS,SUCCESS,NONE,Transaction successful,2026-08-10 10:59:19,10,Monday,19,0,0,20,3700.63,0
pay_10544,3863.11,INR,UPI,SUCCESS,SUCCESS,NONE,Transaction successful,2026-08-21 21:03:50,21,Friday,0,0,0,1,3767.58,0
pay_10545,4718.68,INR,UPI,FAILED,INSUFFICIENT_FUNDS,E_INSUFFICIENT_FUNDS,Transaction failed due to code E_INSUFFICIENT_FUNDS,2026-09-01 09:44:57,9,Tuesday,14,3,3,18,5142.6,1
pay_10546,445.81,INR,Credit Card,SUCCESS,SUCCESS,NONE,Transaction successful,2026-08-29 04:04:33,4,Saturday,0,2,0,3,499.57,0
pay_10547,1394.34,INR,Debit Card,SUCCESS,SUCCESS,NONE,Transaction successful,2026-08-28 20:41:05,20,Friday,0,1,0,2,1493.28,0
pay_10548,2235.52,INR,Net Banking,FAILED,BANK_DECLINE,E_ISSUER_DECLINE,Transaction failed due to code E_ISSUER_DECLINE,2026-09-03 13:17:15,13,Thursday,8,0,3,9,1998.04,0
pay_10549,1208.12,INR,UPI,SUCCESS,SUCCESS,NONE,Transaction successful,2026-09-01 06:26:49,6,Tuesday,7,2,0,10,1274.37,0
pay_10550,2423.86,INR,Credit Card,SUCCESS,SUCCESS,NONE,Transaction successful,2026-08-12 23:37:00,23,Wednesday,5,4,0,10,2796.99,0
pay_10551,3508.73,INR,UPI,SUCCESS,SUCCESS,NONE,Transaction successful,2026-08-22 21:13:05,21,Saturday,12,3,0,16,3758.71,0
pay_10552,2107.8,INR,UPI,FAILED,CARD_ISSUE,E_CARD_EXPIRED,Transaction failed due to code E_CARD_EXPIRED,2026-08-09 13:19:46,13,Sunday,13,2,2,16,2402.5,0
pay_10553,383.0,INR,Wallet,SUCCESS,SUCCESS,NONE,Transaction successful,2026-08-28 02:08:02,2,Friday,15,1,0,17,448.67,0
pay_10554,309.5,INR,UPI,SUCCESS,SUCCESS,NONE,Transaction successful,2026-08-13 05:21:50,5,Thursday,13,4,0,18,302.9,0
pay_10555,1890.47,INR,UPI,SUCCESS,SUCCESS,NONE,Transaction successful,2026-08-17 11:17:08,11,Monday,8,1,0,10,2002.02,0
pay_10556,947.21,INR,UPI,FAILED,NETWORK_OR_TIMEOUT,E_GATEWAY_TIMEOUT,Transaction failed due to code E_GATEWAY_TIMEOUT,2026-08-20 15:59:10,15,Thursday,16,2,3,19,838.26,1
pay_10557,2873.07,INR,UPI,FAILED,CARD_ISSUE,E_CARD_EXPIRED,Transaction failed due to code E_CARD_EXPIRED,2026-08-07 19:04:56,19,Friday,3,0,3,4,2804.18,0
pay_10558,3420.67,INR,Net Banking,SUCCESS,SUCCESS,NONE,Transaction successful,2026-08-18 16:11:55,16,Tuesday,16,3,0,20,2900.58,0
pay_10559,3469.36,INR,Credit Card,SUCCESS,SUCCESS,NONE,Transaction successful,2026-08-30 03:59:47,3,Sunday,13,3,0,17,3793.93,0
pay_10560,2650.8,INR,Credit Card,SUCCESS,SUCCESS,NONE,Transaction successful,2026-08-28 03:23:28,3,Friday,16,2,0,19,2485.35,0
pay_10561,3451.27,INR,Credit Card,FAILED,AUTHENTICATION_FAILURE,E_3DS_FAILED,Transaction failed due to code E_3DS_FAILED,2026-08-23 19:13:15,19,Sunday,2,1,2,4,3534.9,1
pay_10562,7296.86,INR,UPI,FAILED,INSUFFICIENT_FUNDS,E_INSUFFICIENT_FUNDS,Transaction failed due to code E_INSUFFICIENT_FUNDS,2026-08-06 06:06:57,6,Thursday,4,2,0,7,8699.52,1
pay_10563,754.21,INR,UPI,FAILED,NETWORK_OR_TIMEOUT,E_GATEWAY_TIMEOUT,Transaction failed due to code E_GATEWAY_TIMEOUT,2026-08-10 16:39:02,16,Monday,10,3,2,14,670.66,1
pay_10564,5311.06,INR,Debit Card,SUCCESS,SUCCESS,NONE,Transaction successful,2026-08-10 08:27:42,8,Monday,8,1,0,10,5164.97,0
pay_10565,1217.43,INR,UPI,SUCCESS,SUCCESS,NONE,Transaction successful,2026-08-06 05:21:46,5,Thursday,0,4,0,5,1272.93,0
pay_10566,878.75,INR,Credit Card,FAILED,INVALID_PAYMENT_DETAILS,E_INVALID_CVV,Transaction failed due to code E_INVALID_CVV,2026-08-18 17:41:52,17,Tuesday,2,4,1,7,982.07,0
pay_10567,580.84,INR,UPI,SUCCESS,SUCCESS,NONE,Transaction successful,2026-08-08 09:59:44,9,Saturday,5,0,0,6,547.93,0
pay_10568,6251.53,INR,Credit Card,SUCCESS,SUCCESS,NONE,Transaction successful,2026-08-07 10:21:56,10,Friday,14,4,0,19,5962.99,0
pay_10569,1686.41,INR,UPI,SUCCESS,SUCCESS,NONE,Transaction successful,2026-08-12 09:08:02,9,Wednesday,16,0,0,17,1755.0,0
pay_10570,7065.88,INR,UPI,SUCCESS,SUCCESS,NONE,Transaction successful,2026-08-08 23:06:36,23,Saturday,17,1,0,19,6591.36,0
pay_10571,6731.26,INR,Debit Card,SUCCESS,SUCCESS,NONE,Transaction successful,2026-08-22 01:45:33,1,Saturday,14,2,0,17,7467.85,0
pay_10572,262.6,INR,Credit Card,SUCCESS,SUCCESS,NONE,Transaction successful,2026-08-13 08:07:37,8,Thursday,2,1,0,4,297.65,0
pay_10573,4364.06,INR,Credit Card,FAILED,CUSTOMER_ABANDONMENT,E_USER_CANCELLED,Transaction failed due to code E_USER_CANCELLED,2026-08-25 02:56:07,2,Tuesday,3,4,2,8,4419.33,0
pay_10574,2079.3,INR,UPI,SUCCESS,SUCCESS,NONE,Transaction successful,2026-08-12 14:39:01,14,Wednesday,3,2,0,6,1687.69,0
pay_10575,6094.59,INR,UPI,SUCCESS,SUCCESS,NONE,Transaction successful,2026-08-22 16:32:16,16,Saturday,12,1,0,14,6233.65,0
pay_10576,807.9,INR,Credit Card,SUCCESS,SUCCESS,NONE,Transaction successful,2026-08-06 17:29:05,17,Thursday,6,4,0,11,916.64,0
pay_10577,278.8,INR,Credit Card,SUCCESS,SUCCESS,NONE,Transaction successful,2026-08-13 15:52:19,15,Thursday,2,1,0,4,258.15,0
pay_10578,260.02,INR,Debit Card,SUCCESS,SUCCESS,NONE,Transaction successful,2026-08-07 05:32:34,5,Friday,12,4,0,17,208.85,0
pay_10579,7319.44,INR,UPI,SUCCESS,SUCCESS,NONE,Transaction successful,2026-08-14 05:56:50,5,Friday,5,1,0,7,8327.22,0
pay_10580,1804.22,INR,Credit Card,SUCCESS,SUCCESS,NONE,Transaction successful,2026-08-15 09:59:28,9,Saturday,15,2,0,18,1847.09,0
pay_10581,4557.76,INR,Debit Card,FAILED,BANK_DECLINE,E_ISSUER_DECLINE,Transaction failed due to code E_ISSUER_DECLINE,2026-08-24 20:56:54,20,Monday,18,4,0,23,5208.96,0
pay_10582,4442.93,INR,UPI,SUCCESS,SUCCESS,NONE,Transaction successful,2026-09-01 22:57:59,22,Tuesday,15,2,0,18,4361.9,0
pay_10583,3937.47,INR,Wallet,SUCCESS,SUCCESS,NONE,Transaction successful,2026-08-20 21:47:57,21,Thursday,17,0,0,18,3629.55,0
pay_10584,701.91,INR,UPI,SUCCESS,SUCCESS,NONE,Transaction successful,2026-08-24 14:24:51,14,Monday,14,3,0,18,714.95,0
pay_10585,1499.75,INR,UPI,SUCCESS,SUCCESS,NONE,Transaction successful,2026-08-06 13:48:19,13,Thursday,14,0,0,15,1678.05,0
pay_10586,3370.49,INR,Credit Card,SUCCESS,SUCCESS,NONE,Transaction successful,2026-08-18 10:04:37,10,Tuesday,13,2,0,16,3508.61,0
pay_10587,594.89,INR,UPI,FAILED,CUSTOMER_ABANDONMENT,E_USER_CANCELLED,Transaction failed due to code E_USER_CANCELLED,2026-08-18 02:56:01,2,Tuesday,16,1,2,18,696.37,0
pay_10588,1510.21,INR,UPI,SUCCESS,SUCCESS,NONE,Transaction successful,2026-08-21 01:25:21,1,Friday,18,1,0,20,1726.44,0
pay_10589,3434.07,INR,Net Banking,FAILED,CARD_ISSUE,E_CARD_EXPIRED,Transaction failed due to code E_CARD_EXPIRED,2026-08-22 20:32:47,20,Saturday,9,3,3,13,3247.41,0
pay_10590,2238.02,INR,UPI,SUCCESS,SUCCESS,NONE,Transaction successful,2026-08-22 16:42:56,16,Saturday,14,3,0,18,2171.88,0
pay_10591,4614.89,INR,Debit Card,SUCCESS,SUCCESS,NONE,Transaction successful,2026-08-13 05:26:31,5,Thursday,7,4,0,12,3857.89,0
pay_10592,686.85,INR,UPI,FAILED,INSUFFICIENT_FUNDS,E_INSUFFICIENT_FUNDS,Transaction failed due to code E_INSUFFICIENT_FUNDS,2026-08-28 13:43:01,13,Friday,13,1,3,15,731.58,1
pay_10593,5262.77,INR,Debit Card,SUCCESS,SUCCESS,NONE,Transaction successful,2026-08-25 09:46:33,9,Tuesday,14,3,0,18,4549.91,0
pay_10594,2271.56,INR,Debit Card,FAILED,BANK_DECLINE,E_ISSUER_DECLINE,Transaction failed due to code E_ISSUER_DECLINE,2026-08-24 08:07:45,8,Monday,5,3,0,9,2187.71,0
pay_10595,485.44,INR,UPI,SUCCESS,SUCCESS,NONE,Transaction successful,2026-08-15 00:48:44,0,Saturday,12,2,0,15,523.72,0
pay_10596,687.43,INR,Credit Card,SUCCESS,SUCCESS,NONE,Transaction successful,2026-08-07 19:05:55,19,Friday,19,3,0,23,635.71,0
pay_10597,475.59,INR,UPI,FAILED,INVALID_PAYMENT_DETAILS,E_INVALID_CVV,Transaction failed due to code E_INVALID_CVV,2026-08-19 11:05:32,11,Wednesday,8,3,3,12,400.56,0
pay_10598,265.88,INR,Credit Card,SUCCESS,SUCCESS,NONE,Transaction successful,2026-08-10 19:11:23,19,Monday,3,4,0,8,317.97,0
pay_10599,226.2,INR,UPI,SUCCESS,SUCCESS,NONE,Transaction successful,2026-08-11 15:14:05,15,Tuesday,9,2,0,12,233.24,0
